,fixed.acidity,volatile.acidity,citric.acid,residual.sugar,chlorides,free.sulfur.dioxide,total.sulfur.dioxide,density,pH,sulphates,alcohol,quality
1,7.0,0.27,0.36,20.7,0.045,45.0,170.0,1.001,3.0,0.45,8.8,6
10,8.1,0.22,0.43,1.5,0.044000000000000004,28.0,129.0,0.9938,3.22,0.45,11.0,6
13,7.9,0.18,0.37,1.2,0.04,16.0,75.0,0.992,3.18,0.63,10.8,6
15,8.3,0.42,0.62,19.25,0.04,41.0,172.0,1.0002,2.98,0.67,9.7,5
20,6.5,0.31,0.14,7.5,0.044000000000000004,34.0,133.0,0.9955,3.22,0.5,9.5,5
21,6.2,0.66,0.48,1.2,0.028999999999999998,29.0,75.0,0.9892,3.33,0.39,12.8,6
22,6.4,0.31,0.38,2.9,0.038,19.0,102.0,0.9912,3.17,0.35,11.0,6
23,6.8,0.26,0.42,1.7,0.049,41.0,122.0,0.993,3.47,0.48,10.5,6
28,7.0,0.28,0.39,8.7,0.051,32.0,141.0,0.9961,3.38,0.53,10.5,6
29,7.4,0.27,0.48,1.1,0.047,17.0,132.0,0.9914,3.19,0.49,11.6,6
34,6.2,0.12,0.34,1.5,0.045,43.0,117.0,0.9939,3.42,0.51,9.0,6
39,7.3,0.24,0.39,17.95,0.057,45.0,149.0,0.9999,3.21,0.36,8.6,5
42,6.7,0.24,0.39,2.9,0.17300000000000001,63.0,157.0,0.9937,3.1,0.34,9.4,5
49,7.0,0.31,0.26,7.4,0.069,28.0,160.0,0.9954,3.13,0.46,9.8,6
53,6.2,0.16,0.33,1.1,0.057,21.0,82.0,0.991,3.32,0.46,10.9,6
58,6.0,0.19,0.26,12.4,0.048,50.0,147.0,0.9972,3.3,0.36,8.9,6
60,7.4,0.2,0.36,1.2,0.038,44.0,111.0,0.9926,3.36,0.34,9.9,6
61,6.8,0.22,0.24,4.9,0.092,30.0,123.0,0.9951,3.03,0.46,8.6,5
63,7.0,0.47,0.07,1.1,0.035,17.0,151.0,0.991,3.02,0.34,10.5,6
65,7.2,0.24,0.27,1.4,0.038,31.0,122.0,0.9927,3.15,0.46,10.3,6
72,6.8,0.3,0.23,4.6,0.061,50.5,238.5,0.9958,3.32,0.6,9.5,5
73,6.0,0.27,0.28,4.8,0.063,31.0,201.0,0.9964,3.69,0.71,10.0,6
76,7.4,0.24,0.29,10.1,0.05,21.0,105.0,0.9962,3.13,0.35,9.5,5
80,6.7,0.54,0.28,5.4,0.06,21.0,105.0,0.9949,3.27,0.37,9.0,6
86,7.1,0.44,0.62,11.8,0.044000000000000004,52.0,152.0,0.9975,3.12,0.46,8.7,5
88,6.8,0.25,0.31,13.3,0.05,69.0,202.0,0.9972,3.22,0.48,9.7,5
89,7.1,0.43,0.61,11.8,0.045,54.0,155.0,0.9974,3.11,0.45,8.7,5
96,7.1,0.26,0.29,12.4,0.044000000000000004,62.0,240.0,0.9969,3.04,0.42,9.2,6
101,7.4,0.25,0.37,13.5,0.06,52.0,192.0,0.9975,3.0,0.44,9.1,5
103,6.0,0.21,0.24,12.1,0.05,55.0,164.0,0.997,3.34,0.39,9.4,5
104,7.5,0.305,0.4,18.9,0.059000000000000004,44.0,170.0,1.0,2.99,0.46,9.0,5
106,7.3,0.13,0.32,14.4,0.051,34.0,109.0,0.9974,3.2,0.35,9.2,6
107,7.1,0.12,0.32,9.6,0.054000000000000006,64.0,162.0,0.9962,3.4,0.41,9.4,5
119,7.2,0.31,0.5,13.3,0.055999999999999994,68.0,195.0,0.9982,3.01,0.47,9.2,5
124,6.9,0.19,0.28,5.0,0.057999999999999996,14.0,146.0,0.9952,3.29,0.36,9.1,6
127,7.4,0.39,0.23,7.0,0.033,29.0,126.0,0.9940000000000001,3.14,0.42,10.5,6
148,6.4,0.595,0.14,5.2,0.057999999999999996,15.0,97.0,0.9951,3.38,0.36,9.0,5
157,7.4,0.24,0.42,14.0,0.066,48.0,198.0,0.9979,2.89,0.42,8.9,6
163,6.3,0.36,0.3,4.8,0.049,14.0,85.0,0.9932,3.28,0.39,10.6,5
170,9.8,0.42,0.48,9.85,0.034,5.0,110.0,0.9958,2.87,0.29,10.0,6
174,6.3,0.22,0.43,4.55,0.038,31.0,130.0,0.9918,3.35,0.33,11.5,6
178,5.9,0.23,0.3,12.9,0.054000000000000006,57.0,170.0,0.9972,3.28,0.39,9.4,5
184,6.9,0.27,0.4,14.0,0.05,64.0,227.0,0.9979,3.18,0.58,9.6,6
187,6.7,0.24,0.41,9.4,0.04,49.0,166.0,0.9954,3.12,0.61,9.9,6
191,6.6,0.28,0.28,8.5,0.052000000000000005,55.0,211.0,0.9962,3.09,0.55,8.9,4
198,6.8,0.26,0.24,7.8,0.052000000000000005,54.0,214.0,0.9961,3.13,0.47,8.9,5
212,6.8,0.18,0.38,1.4,0.038,35.0,111.0,0.9918,3.32,0.59,11.2,7
215,6.2,0.25,0.25,1.4,0.03,35.0,105.0,0.9912,3.3,0.44,11.1,7
230,7.1,0.24,0.41,17.8,0.046,39.0,145.0,0.9998,3.32,0.39,8.7,5
231,6.8,0.64,0.08,9.7,0.062,26.0,142.0,0.9972,3.37,0.46,8.9,5
232,8.3,0.28,0.4,7.8,0.040999999999999995,38.0,194.0,0.9976,3.34,0.51,9.6,6
234,7.2,0.23,0.38,14.3,0.057999999999999996,55.0,194.0,0.9979,3.09,0.44,9.0,6
237,7.2,0.23,0.38,14.3,0.057999999999999996,55.0,194.0,0.9979,3.09,0.44,9.0,6
238,6.8,0.52,0.32,13.2,0.044000000000000004,54.0,221.0,0.9972,3.27,0.5,9.6,5
253,6.9,0.4,0.56,11.2,0.043,40.0,142.0,0.9975,3.14,0.46,8.7,5
259,6.4,0.23,0.39,1.8,0.032,23.0,118.0,0.9912,3.32,0.5,11.8,7
268,5.3,0.58,0.07,6.9,0.043,34.0,149.0,0.9944,3.34,0.57,9.7,6
272,5.2,0.6,0.07,7.0,0.044000000000000004,33.0,147.0,0.9944,3.33,0.58,9.7,6
278,7.7,0.26,0.4,1.1,0.042,9.0,60.0,0.9915,2.89,0.5,10.6,6
279,6.8,0.32,0.34,1.2,0.044000000000000004,14.0,67.0,0.9919,3.05,0.47,10.6,5
282,6.1,0.31,0.58,5.0,0.039,36.0,114.0,0.9909,3.3,0.6,12.3,7
284,6.7,0.34,0.3,15.6,0.054000000000000006,51.0,196.0,0.9982,3.19,0.49,9.3,5
286,7.3,0.32,0.25,7.2,0.055999999999999994,47.0,180.0,0.9961,3.08,0.47,8.8,5
299,7.5,0.17,0.44,11.3,0.046,65.0,146.0,0.997,3.17,0.45,10.0,6
309,6.2,0.33,0.27,4.9,0.036000000000000004,30.0,134.0,0.9927,3.2,0.42,10.4,6
313,7.8,0.25,0.41,3.7,0.042,37.0,149.0,0.9954,3.36,0.45,10.0,6
333,6.3,0.23,0.3,1.8,0.033,16.0,91.0,0.9906,3.28,0.4,11.8,6
336,6.3,0.23,0.3,1.8,0.033,16.0,91.0,0.9906,3.28,0.4,11.8,6
342,8.0,0.24,0.36,1.5,0.047,17.0,129.0,0.9948,3.2,0.54,10.0,5
345,5.4,0.29,0.47,3.0,0.052000000000000005,47.0,145.0,0.993,3.29,0.75,10.0,5
358,6.1,0.36,0.33,1.1,0.05,24.0,169.0,0.9927,3.15,0.78,9.5,5
364,7.3,0.22,0.37,14.3,0.063,48.0,191.0,0.9978,2.89,0.38,9.0,6
368,6.9,0.33,0.21,1.0,0.053,39.0,148.0,0.9927,3.12,0.45,9.4,5
371,6.9,0.33,0.21,1.0,0.053,39.0,148.0,0.9927,3.12,0.45,9.4,5
372,7.7,0.29,0.48,2.3,0.049,36.0,178.0,0.9931,3.17,0.64,10.6,6
381,7.3,0.2,0.44,1.4,0.045,21.0,98.0,0.9924,3.15,0.46,10.0,7
383,7.5,0.35,0.28,9.6,0.051,26.0,157.0,0.9969,3.12,0.53,9.2,5
388,6.3,0.39,0.35,5.9,0.04,82.5,260.0,0.9941,3.12,0.66,10.1,6
392,6.5,0.36,0.32,1.1,0.031,13.0,66.0,0.9916,3.1,0.46,10.6,6
395,6.8,0.37,0.51,11.8,0.044000000000000004,62.0,163.0,0.9976,3.19,0.44,8.8,5
396,6.8,0.27,0.12,1.3,0.04,87.0,168.0,0.992,3.18,0.41,10.0,5
401,6.3,0.2,0.4,1.5,0.037000000000000005,35.0,107.0,0.9917,3.46,0.5,11.4,6
403,6.1,0.35,0.07,1.4,0.069,22.0,108.0,0.9934,3.23,0.52,9.2,5
404,7.1,0.27,0.31,18.2,0.046,55.0,252.0,1.0,3.07,0.56,8.7,5
405,6.8,0.22,0.31,6.3,0.035,33.0,170.0,0.9918,3.24,0.66,12.6,6
407,5.8,0.28,0.34,4.0,0.031,40.0,99.0,0.9896,3.39,0.39,12.8,7
411,7.2,0.25,0.39,18.95,0.038,42.0,155.0,0.9999,2.97,0.47,9.0,5
415,7.2,0.25,0.39,18.95,0.038,42.0,155.0,0.9999,2.97,0.47,9.0,5
427,7.0,0.21,0.28,8.6,0.045,37.0,221.0,0.9954,3.25,0.54,10.4,6
434,7.2,0.55,0.09,1.5,0.10800000000000001,16.0,151.0,0.9938,3.07,0.57,9.2,5
438,6.6,0.16,0.32,1.4,0.035,49.0,186.0,0.9906,3.35,0.64,12.4,6
445,6.9,0.24,0.36,20.8,0.031,40.0,139.0,0.9975,3.2,0.33,11.0,6
448,6.5,0.41,0.24,14.0,0.048,24.0,113.0,0.9982,3.44,0.53,9.8,6
455,6.4,0.28,0.29,1.6,0.052000000000000005,34.0,127.0,0.9929,3.48,0.56,10.5,7
457,6.3,0.23,0.31,1.5,0.022000000000000002,11.0,82.0,0.9892,3.3,0.4,12.9,7
458,7.1,0.21,0.27,8.6,0.055999999999999994,26.0,111.0,0.9956,2.95,0.52,9.5,5
465,7.2,0.39,0.62,11.0,0.047,66.0,178.0,0.9976,3.16,0.5,8.7,5
471,8.6,0.37,0.7,12.15,0.039,21.0,158.0,0.9983,3.0,0.73,9.3,5
472,6.5,0.38,0.34,3.4,0.036000000000000004,34.0,200.0,0.9937,3.14,0.76,10.0,5
473,6.6,0.24,0.29,2.0,0.023,19.0,86.0,0.99,3.25,0.45,12.5,6
478,7.0,0.22,0.28,1.5,0.037000000000000005,29.0,115.0,0.9927,3.11,0.55,10.5,6
480,6.3,0.22,0.33,1.7,0.040999999999999995,67.0,164.0,0.9928,3.32,0.56,10.4,6
483,5.8,0.25,0.24,13.3,0.044000000000000004,41.0,137.0,0.9972,3.34,0.42,9.5,5
508,6.0,0.24,0.27,1.9,0.048,40.0,170.0,0.9938,3.64,0.54,10.0,6
509,5.9,0.62,0.28,3.5,0.039,55.0,152.0,0.9907,3.44,0.44,12.0,7
511,6.7,0.27,0.12,1.3,0.040999999999999995,62.0,138.0,0.9921,3.21,0.42,10.0,5
516,6.1,0.31,0.26,2.2,0.051,28.0,167.0,0.9926,3.37,0.47,10.4,6
518,7.4,0.15,0.42,1.7,0.045,49.0,154.0,0.992,3.0,0.6,10.4,6
520,7.2,0.34,0.34,12.6,0.048,7.0,41.0,0.9942,3.19,0.4,11.7,6
529,5.2,0.36,0.02,1.6,0.031,24.0,104.0,0.9896,3.44,0.35,12.2,7
535,7.4,0.25,0.36,13.2,0.067,53.0,178.0,0.9976,3.01,0.48,9.0,6
536,7.9,0.345,0.51,15.3,0.047,54.0,171.0,0.9987,3.09,0.51,9.1,5
540,6.8,0.25,0.24,4.55,0.053,41.0,211.0,0.9955,3.37,0.67,9.5,6
549,6.5,0.18,0.31,1.7,0.044000000000000004,30.0,127.0,0.9928,3.49,0.5,10.2,6
550,7.2,0.46,0.65,10.4,0.05,76.0,192.0,0.9976,3.16,0.42,8.7,5
553,7.8,0.28,0.34,1.6,0.027999999999999997,32.0,118.0,0.9901,3.0,0.38,12.1,7
557,8.4,0.35,0.71,12.2,0.046,22.0,160.0,0.9982,2.98,0.65,9.4,5
560,7.2,0.34,0.44,4.2,0.047,51.0,144.0,0.991,3.01,0.76,12.3,6
564,7.4,0.3,0.22,1.4,0.046,16.0,135.0,0.9928,3.08,0.77,10.4,5
569,6.1,0.26,0.51,2.2,0.05,61.0,154.0,0.9929,3.08,0.6,9.8,5
571,7.4,0.41,0.66,10.8,0.051,77.0,194.0,0.9976,3.05,0.46,8.7,5
579,6.5,0.28,0.29,2.7,0.038,26.0,107.0,0.9912,3.32,0.41,11.6,7
583,7.3,0.3,0.22,6.4,0.055999999999999994,44.0,168.0,0.9947,3.13,0.35,10.1,5
584,7.4,0.24,0.22,10.7,0.042,26.0,81.0,0.9954,2.86,0.36,9.7,6
589,6.9,0.28,0.27,2.1,0.036000000000000004,42.0,121.0,0.9926,3.42,0.49,10.8,6
598,7.0,0.29,0.37,4.9,0.034,26.0,127.0,0.9928,3.17,0.44,10.8,6
603,6.4,0.45,0.07,1.1,0.03,10.0,131.0,0.9905,2.97,0.28,10.8,6
608,7.3,0.25,0.29,7.5,0.049,38.0,158.0,0.9965,3.43,0.38,9.6,5
614,7.5,0.21,0.68,10.9,0.045,38.0,133.0,0.9978,3.0,0.36,8.7,6
620,7.4,0.19,0.3,1.4,0.057,33.0,135.0,0.993,3.12,0.5,9.6,6
622,6.5,0.26,0.43,8.9,0.083,50.0,171.0,0.9965,2.85,0.5,9.0,6
632,7.0,0.23,0.42,18.05,0.05,35.0,144.0,0.9999,3.22,0.42,8.8,5
646,6.3,0.26,0.25,7.8,0.057999999999999996,44.0,166.0,0.9961,3.24,0.41,9.0,5
647,6.5,0.33,0.72,1.1,0.061,7.0,151.0,0.993,3.09,0.57,9.5,5
648,7.4,0.105,0.34,12.2,0.05,57.0,146.0,0.9973,3.16,0.37,9.0,6
660,6.8,0.29,0.16,1.4,0.038,122.5,234.5,0.9922,3.15,0.47,10.0,5
662,6.8,0.25,0.34,14.0,0.032,47.0,133.0,0.9952,3.37,0.5,12.2,6
669,6.1,0.14,0.25,1.3,0.047,37.0,173.0,0.9925,3.35,0.46,10.0,6
674,6.7,0.31,0.3,2.1,0.038,18.0,130.0,0.9928,3.36,0.63,10.6,6
695,7.6,0.29,0.58,17.5,0.040999999999999995,51.0,225.0,0.9997,3.16,0.66,9.5,5
698,7.5,0.31,0.51,14.8,0.039,62.0,204.0,0.9982,3.06,0.6,9.5,5
704,6.4,0.33,0.28,1.1,0.038,30.0,110.0,0.9917,3.12,0.42,10.5,6
711,6.1,0.25,0.24,12.1,0.046,51.0,172.0,0.998,3.35,0.45,9.5,5
713,8.2,0.27,0.43,1.6,0.035,31.0,128.0,0.9916,3.1,0.5,12.3,6
724,6.6,0.33,0.31,1.3,0.02,29.0,89.0,0.99035,3.26,0.44,12.4,7
725,7.8,0.3,0.4,1.8,0.027999999999999997,23.0,122.0,0.9914,3.14,0.39,10.9,6
730,6.0,0.33,0.27,0.8,0.185,12.0,188.0,0.9924,3.12,0.62,9.4,5
731,6.5,0.23,0.33,13.8,0.042,25.0,139.0,0.99695,3.35,0.56,10.4,6
745,7.4,0.38,0.27,7.5,0.040999999999999995,24.0,160.0,0.99535,3.17,0.43,10.0,6
751,7.2,0.29,0.4,7.6,0.024,56.0,177.0,0.9928,3.04,0.32,11.5,6
752,6.9,0.2,0.5,10.0,0.036000000000000004,78.0,167.0,0.9964,3.15,0.55,10.2,6
754,7.0,0.21,0.34,8.5,0.033,31.0,253.0,0.9953,3.22,0.56,10.5,6
755,5.9,0.35,0.47,2.2,0.11,14.0,138.0,0.9932,3.09,0.5,9.1,5
756,7.1,0.28,0.44,1.8,0.032,32.0,107.0,0.9907,3.25,0.48,12.2,6
761,6.9,0.18,0.38,8.1,0.049,44.0,176.0,0.9958,3.3,0.54,9.8,6
771,6.8,0.12,0.31,5.2,0.045,29.0,120.0,0.9942,3.41,0.46,9.8,6
781,6.0,0.395,0.0,1.4,0.042,7.0,55.0,0.99135,3.37,0.38,11.2,5
792,5.9,0.24,0.3,2.0,0.033,28.0,92.0,0.99225,3.39,0.69,10.9,7
793,6.4,0.46,0.08,4.9,0.046,34.0,144.0,0.99445,3.1,0.56,10.0,5
796,7.2,0.31,0.26,7.3,0.05,37.0,157.0,0.99625,3.09,0.43,9.0,5
800,6.0,0.18,0.31,1.4,0.036000000000000004,14.0,75.0,0.99085,3.34,0.58,11.1,6
809,6.0,0.39,0.17,12.0,0.046,65.0,246.0,0.9976,3.15,0.38,9.0,5
812,6.0,0.41,0.05,1.5,0.063,17.0,120.0,0.9932,3.21,0.56,9.2,5
813,6.4,0.35,0.28,1.1,0.055,9.0,160.0,0.99405,3.42,0.5,9.1,5
819,6.2,0.3,0.17,2.8,0.04,24.0,125.0,0.9939,3.01,0.46,9.0,5
821,6.6,0.36,0.29,1.6,0.021,24.0,85.0,0.98965,3.41,0.61,12.4,7
823,6.8,0.18,0.21,5.4,0.053,34.0,104.0,0.99445,3.3,0.43,9.4,6
830,7.1,0.16,0.36,1.2,0.043,21.0,90.0,0.9925,3.16,0.42,11.0,6
834,6.9,0.25,0.34,1.3,0.035,27.0,82.0,0.99045,3.18,0.44,12.2,6
835,7.3,0.205,0.31,1.7,0.06,34.0,110.0,0.9963,3.72,0.69,10.5,6
845,7.3,0.21,0.29,1.6,0.034,29.0,118.0,0.9917,3.3,0.5,11.0,6
852,8.2,0.38,0.49,13.6,0.042,58.0,166.0,0.99855,3.1,0.54,9.4,5
856,7.4,0.2,0.35,2.1,0.038,30.0,116.0,0.9949,3.49,0.77,10.3,6
859,6.7,0.22,0.39,10.2,0.038,60.0,149.0,0.99725,3.17,0.54,10.0,6
861,8.1,0.27,0.35,1.7,0.03,38.0,103.0,0.99255,3.22,0.63,10.4,6
864,6.2,0.28,0.33,1.7,0.028999999999999998,24.0,111.0,0.99,3.24,0.5,12.1,6
868,7.8,0.18,0.46,12.6,0.042,41.0,143.0,1.0,3.24,0.76,8.5,7
872,7.7,0.34,0.58,11.1,0.039,41.0,151.0,0.9978,3.06,0.49,8.6,5
880,6.9,0.12,0.36,2.2,0.037000000000000005,18.0,111.0,0.9919,3.41,0.82,11.9,7
888,6.5,0.3,0.32,2.0,0.044000000000000004,34.0,90.0,0.99185,3.37,0.68,11.0,7
890,6.5,0.3,0.32,2.0,0.044000000000000004,34.0,90.0,0.99185,3.37,0.68,11.0,7
902,8.0,0.29,0.29,13.2,0.046,26.0,113.0,0.9983,3.25,0.37,9.7,6
904,5.9,0.31,0.3,7.7,0.047,60.0,206.0,0.995,3.2,0.39,9.6,5
909,8.0,0.23,0.37,9.6,0.054000000000000006,23.0,159.0,0.99795,3.32,0.47,9.8,6
911,6.3,0.33,0.2,5.8,0.04,24.0,144.0,0.99425,3.15,0.63,9.9,5
919,7.0,0.24,0.34,1.4,0.031,27.0,107.0,0.99,3.06,0.39,11.9,6
922,7.7,0.32,0.62,10.6,0.036000000000000004,56.0,153.0,0.9978,3.13,0.44,8.9,6
924,6.5,0.26,0.27,12.9,0.044000000000000004,69.0,215.0,0.9967,3.17,0.43,10.0,6
931,7.7,0.17,0.52,5.9,0.017,21.0,84.0,0.9929,3.14,0.4,11.9,6
944,6.9,0.48,0.36,3.5,0.03,31.0,135.0,0.9904,3.14,0.38,12.2,7
953,6.5,0.17,0.33,1.4,0.027999999999999997,14.0,99.0,0.9928,3.23,0.55,10.1,6
954,8.2,0.23,0.37,1.3,0.042,39.0,117.0,0.9928,2.99,0.36,10.0,6
959,6.6,0.2,0.32,1.1,0.039,25.0,78.0,0.9926,3.39,0.54,10.2,7
970,5.5,0.42,0.09,1.6,0.019,18.0,68.0,0.9906,3.33,0.51,11.4,6
971,5.1,0.42,0.01,1.5,0.017,25.0,102.0,0.9894,3.38,0.36,12.3,7
973,6.8,0.22,0.35,17.5,0.039,38.0,153.0,0.9994,3.24,0.42,9.0,6
976,7.6,0.3,0.25,4.3,0.054000000000000006,22.0,111.0,0.9956,3.12,0.49,9.2,5
987,7.4,0.28,0.3,5.3,0.054000000000000006,44.0,161.0,0.9941,3.12,0.48,10.3,6
996,7.8,0.27,0.34,1.6,0.046,27.0,154.0,0.9927,3.05,0.45,10.5,5
1000,7.6,0.21,0.6,2.1,0.046,47.0,165.0,0.9936,3.05,0.54,10.1,6
1007,5.8,0.36,0.26,3.3,0.038,40.0,153.0,0.9911,3.34,0.55,11.3,6
1009,6.6,0.22,0.37,1.2,0.059000000000000004,45.0,199.0,0.993,3.37,0.55,10.3,6
1016,7.6,0.39,0.22,2.8,0.036000000000000004,19.0,113.0,0.9926,3.03,0.29,10.2,5
1018,7.6,0.16,0.44,1.4,0.043,25.0,109.0,0.9932,3.11,0.75,10.3,6
1019,7.1,0.18,0.42,1.4,0.045,47.0,157.0,0.9916,2.95,0.31,10.5,6
1020,8.3,0.14,0.26,1.5,0.049,56.0,189.0,0.9946,3.21,0.62,9.5,6
1021,8.6,0.2,0.42,1.5,0.040999999999999995,35.0,125.0,0.9925,3.11,0.49,11.4,7
1030,6.3,0.6,0.44,11.0,0.05,50.0,245.0,0.9972,3.19,0.57,9.3,5
1033,7.1,0.3,0.36,6.8,0.055,44.5,234.0,0.9972,3.49,0.64,10.2,5
1034,7.1,0.3,0.36,6.8,0.055,44.5,234.0,0.9972,3.49,0.64,10.2,5
1035,7.9,0.64,0.46,10.6,0.244,33.0,227.0,0.9983,2.87,0.74,9.1,6
1041,8.2,0.68,0.3,2.1,0.047,17.0,138.0,0.995,3.22,0.71,10.8,6
1050,6.1,0.37,0.36,4.7,0.035,36.0,116.0,0.991,3.31,0.62,12.6,7
1051,7.3,0.24,0.34,7.5,0.048,29.0,152.0,0.9962,3.1,0.54,9.0,6
1053,7.6,0.29,0.42,1.3,0.035,18.0,86.0,0.9908,2.99,0.39,11.3,6
1062,7.0,0.21,0.28,7.5,0.07,45.0,185.0,0.9966,3.34,0.55,9.4,6
1063,6.7,0.26,0.26,4.0,0.079,35.5,216.0,0.9956,3.31,0.68,9.5,6
1067,6.4,0.3,0.51,5.5,0.048,62.0,172.0,0.9942,3.08,0.45,9.1,5
1075,6.2,0.55,0.45,12.0,0.049,27.0,186.0,0.9974,3.17,0.5,9.3,5
1079,6.5,0.26,0.34,16.3,0.051,56.0,197.0,1.0004,3.49,0.42,9.8,5
1080,6.3,0.34,0.29,6.2,0.046,29.0,227.0,0.9952,3.29,0.53,10.1,6
1082,6.3,0.27,0.25,5.8,0.038,52.0,155.0,0.995,3.28,0.38,9.4,6
1085,6.3,0.23,0.21,5.1,0.035,29.0,142.0,0.9942,3.36,0.33,10.1,7
1087,5.2,0.24,0.45,3.8,0.027000000000000003,21.0,128.0,0.992,3.55,0.49,11.2,6
1088,7.0,0.24,0.32,1.3,0.037000000000000005,39.0,123.0,0.992,3.17,0.42,11.2,6
1090,7.0,0.17,0.33,4.0,0.034,17.0,127.0,0.9934,3.19,0.39,10.6,6
1093,7.1,0.21,0.4,1.2,0.069,24.0,156.0,0.9928,3.42,0.43,10.6,6
1101,6.3,0.27,0.25,5.8,0.038,52.0,155.0,0.995,3.28,0.38,9.4,6
1104,7.9,0.29,0.39,6.7,0.036000000000000004,6.0,117.0,0.9938,3.12,0.42,10.7,5
1106,5.5,0.32,0.45,4.9,0.027999999999999997,25.0,191.0,0.9922,3.51,0.49,11.5,7
1109,6.1,0.29,0.27,1.7,0.024,13.0,76.0,0.9893,3.21,0.51,12.6,6
1111,7.2,0.37,0.15,2.0,0.028999999999999998,27.0,87.0,0.9903,3.3,0.59,12.6,7
1118,8.1,0.45,0.34,8.3,0.037000000000000005,33.0,216.0,0.9976,3.31,0.64,9.7,6
1119,5.8,0.415,0.13,1.4,0.04,11.0,64.0,0.9922,3.29,0.52,10.5,5
1122,6.0,0.4,0.3,1.6,0.047,30.0,117.0,0.9931,3.17,0.48,10.1,5
1124,9.8,0.36,0.45,1.6,0.042,11.0,124.0,0.9944,2.93,0.46,10.8,5
1127,6.5,0.115,0.29,1.95,0.038,73.0,166.0,0.9890000000000001,3.12,0.25,12.9,7
1136,6.7,0.25,0.34,12.85,0.048,30.0,161.0,0.9986,3.44,0.47,9.5,5
1139,9.2,0.28,0.46,3.2,0.057999999999999996,39.0,133.0,0.996,3.14,0.58,9.5,5
1161,7.5,0.14,0.34,1.3,0.055,50.0,153.0,0.9945,3.29,0.8,9.6,6
1165,8.2,0.23,0.49,0.9,0.057,15.0,73.0,0.9928,3.07,0.38,10.4,5
1174,7.4,0.22,0.33,2.0,0.045,31.0,101.0,0.9931,3.42,0.55,11.4,5
1176,6.4,0.25,0.41,8.6,0.042,57.0,173.0,0.9965,3.0,0.44,9.1,5
1177,6.3,0.32,0.35,11.1,0.039,29.0,198.0,0.9984,3.36,0.5,9.4,6
1178,6.8,0.25,0.29,2.0,0.042,19.0,189.0,0.9952,3.46,0.54,10.2,6
1180,7.2,0.2,0.25,4.5,0.044000000000000004,31.0,109.0,0.9949,3.23,0.36,9.4,6
1184,6.4,0.26,0.3,2.2,0.025,33.0,134.0,0.992,3.21,0.47,10.6,6
1188,6.6,0.21,0.38,2.2,0.026000000000000002,40.0,104.0,0.9914,3.25,0.4,11.1,7
1189,7.1,0.21,0.3,1.4,0.037000000000000005,45.0,143.0,0.9932,3.13,0.33,9.9,6
1198,7.3,0.22,0.4,14.75,0.042,44.5,129.5,0.9998,3.36,0.41,9.1,7
1200,7.4,0.25,0.37,6.9,0.02,14.0,93.0,0.9939,3.0,0.48,10.7,6
1207,7.0,0.26,0.46,15.55,0.037000000000000005,61.0,171.0,0.9986,2.94,0.35,8.8,5
1215,9.7,0.24,0.45,1.2,0.033,11.0,59.0,0.9926,2.74,0.47,10.8,5
1218,8.0,0.61,0.38,12.1,0.301,24.0,220.0,0.9993,2.94,0.48,9.2,5
1219,7.2,0.26,0.44,7.1,0.027000000000000003,25.0,126.0,0.993,3.02,0.34,11.1,6
1221,6.4,0.23,0.33,1.15,0.044000000000000004,15.5,217.5,0.992,3.33,0.44,11.0,6
1226,6.8,0.32,0.37,3.4,0.023,19.0,87.0,0.9902,3.14,0.53,12.7,6
1236,7.8,0.32,0.31,1.7,0.036000000000000004,46.0,195.0,0.993,3.03,0.48,10.5,6
1242,7.4,0.18,0.42,2.1,0.036000000000000004,33.0,187.0,0.9938,3.4,0.41,10.6,6
1247,8.0,0.2,0.4,5.2,0.055,41.0,167.0,0.9953,3.18,0.4,10.6,6
1257,7.3,0.18,0.65,1.4,0.046,28.0,157.0,0.9946,3.33,0.62,9.4,6
1264,9.6,0.29,0.46,1.45,0.039,77.5,223.0,0.9944,2.92,0.46,9.5,6
1273,7.0,0.39,0.31,5.3,0.16899999999999998,32.0,162.0,0.9965,3.2,0.48,9.4,5
1275,8.4,0.35,0.56,13.8,0.048,55.0,190.0,0.9993,3.07,0.58,9.4,5
1278,7.6,0.31,0.29,10.5,0.04,21.0,145.0,0.9966,3.04,0.35,9.4,5
1279,7.0,0.24,0.36,4.9,0.083,10.0,133.0,0.9942,3.33,0.37,10.8,6
1291,8.4,0.16,0.33,1.5,0.033,16.0,98.0,0.9940000000000001,3.14,0.42,9.7,6
1293,6.2,0.17,0.3,1.1,0.037000000000000005,14.0,79.0,0.993,3.5,0.54,10.3,6
1300,7.8,0.23,0.28,4.75,0.042,45.0,166.0,0.9928,2.96,0.4,11.5,6
1303,7.4,0.19,0.42,6.4,0.067,39.0,212.0,0.9958,3.3,0.33,9.6,5
1315,6.4,0.31,0.4,6.2,0.04,46.0,169.0,0.9953,3.15,0.46,9.3,5
1335,9.0,0.24,0.5,1.2,0.048,26.0,107.0,0.9918,3.21,0.34,12.4,6
1340,8.4,0.58,0.27,12.15,0.033,37.0,116.0,0.9959,2.99,0.39,10.8,6
1341,7.2,0.16,0.32,0.8,0.04,50.0,121.0,0.9922,3.27,0.33,10.0,6
1342,7.6,0.54,0.23,2.0,0.028999999999999998,13.0,151.0,0.9931,3.04,0.33,10.4,5
1343,8.4,0.58,0.27,12.15,0.033,37.0,116.0,0.9959,2.99,0.39,10.8,6
1345,7.3,0.23,0.37,1.9,0.040999999999999995,51.0,165.0,0.9908,3.26,0.4,12.2,7
1346,7.3,0.39,0.37,1.1,0.043,36.0,113.0,0.991,3.39,0.48,12.7,6
1351,8.0,0.57,0.39,3.9,0.034,22.0,122.0,0.9917,3.29,0.67,12.8,7
1356,7.6,0.19,0.41,1.1,0.04,38.0,143.0,0.9907,2.92,0.42,11.4,5
1357,7.3,0.22,0.41,15.4,0.05,55.0,191.0,1.0,3.32,0.59,8.9,5
1363,6.4,0.25,0.33,1.4,0.04,42.0,115.0,0.9906,3.19,0.48,11.3,6
1364,6.9,0.32,0.16,1.4,0.051,15.0,96.0,0.9940000000000001,3.22,0.38,9.5,5
1369,7.3,0.22,0.41,15.4,0.05,55.0,191.0,1.0,3.32,0.59,8.9,5
1371,7.6,0.28,0.39,1.9,0.052000000000000005,23.0,116.0,0.9941,3.25,0.4,10.4,5
1373,10.7,0.22,0.56,8.2,0.044000000000000004,37.0,181.0,0.998,2.87,0.68,9.5,6
1379,6.9,0.28,0.3,1.6,0.047,46.0,132.0,0.9918,3.35,0.38,11.1,6
1380,6.9,0.46,0.2,0.9,0.054000000000000006,5.0,126.0,0.992,3.1,0.42,10.4,5
1385,6.8,0.23,0.4,1.6,0.047,5.0,133.0,0.993,3.23,0.7,11.4,6
1386,6.2,0.33,0.29,1.3,0.042,26.0,138.0,0.9956,3.77,0.64,9.5,6
1387,5.6,0.49,0.13,4.5,0.039,17.0,116.0,0.9907,3.42,0.9,13.7,6
1392,6.2,0.16,0.47,1.4,0.028999999999999998,23.0,81.0,0.99,3.26,0.42,12.2,6
1398,7.3,0.25,0.36,13.1,0.05,35.0,200.0,0.9986,3.04,0.46,8.9,7
1399,7.3,0.25,0.36,13.1,0.05,35.0,200.0,0.9986,3.04,0.46,8.9,7
1402,6.3,0.67,0.48,12.6,0.052000000000000005,57.0,222.0,0.9979,3.17,0.52,9.3,5
1407,8.2,0.22,0.36,6.8,0.034,12.0,90.0,0.9944,3.01,0.38,10.5,6
1408,7.1,0.19,0.28,3.6,0.033,16.0,78.0,0.993,2.91,0.78,11.4,6
1409,7.3,0.25,0.36,13.1,0.05,35.0,200.0,0.9986,3.04,0.46,8.9,7
1411,7.1,0.26,0.32,5.9,0.037000000000000005,39.0,97.0,0.9934,3.31,0.4,11.6,6
1413,6.9,0.3,0.33,4.1,0.035,26.0,155.0,0.9925,3.25,0.79,12.3,6
1422,6.2,0.18,0.49,4.5,0.047,17.0,90.0,0.9919,3.27,0.37,11.6,6
1429,8.2,0.18,0.49,1.1,0.033,28.0,81.0,0.9923,3.0,0.68,10.4,6
1431,7.0,0.39,0.24,1.0,0.048,8.0,119.0,0.9923,3.0,0.31,10.1,5
1435,7.4,0.25,0.49,1.1,0.042,35.0,156.0,0.9917,3.13,0.55,11.3,5
1438,8.2,0.18,0.49,1.1,0.033,28.0,81.0,0.9923,3.0,0.68,10.4,6
1440,6.1,0.25,0.49,7.6,0.052000000000000005,67.0,226.0,0.9956,3.16,0.47,8.9,5
1446,8.3,0.2,0.74,4.45,0.044000000000000004,33.0,130.0,0.9924,3.25,0.42,12.2,6
1453,7.8,0.43,0.49,13.0,0.033,37.0,158.0,0.9955,3.14,0.35,11.3,6
1458,8.3,0.2,0.74,4.45,0.044000000000000004,33.0,130.0,0.9924,3.25,0.42,12.2,6
1465,8.0,0.44,0.49,9.1,0.031,46.0,151.0,0.9926,3.16,0.27,12.7,7
1466,7.0,0.2,0.74,0.8,0.044000000000000004,19.0,163.0,0.9931,3.46,0.53,10.2,6
1470,7.2,0.4,0.49,1.1,0.048,11.0,138.0,0.9929,3.01,0.42,9.3,5
1476,7.2,0.08,0.49,1.3,0.05,18.0,148.0,0.9945,3.46,0.44,10.2,6
1481,7.2,0.08,0.49,1.3,0.05,18.0,148.0,0.9945,3.46,0.44,10.2,6
1482,6.6,0.25,0.24,1.7,0.048,26.0,124.0,0.9942,3.37,0.6,10.1,6
1484,6.9,0.25,0.24,3.6,0.057,13.0,85.0,0.9942,2.99,0.48,9.5,4
1485,7.5,0.32,0.24,4.6,0.053,8.0,134.0,0.9958,3.14,0.5,9.1,5
1490,7.9,0.16,0.74,17.85,0.037000000000000005,52.0,187.0,0.9998,2.99,0.41,9.3,6
1493,8.0,0.3,0.49,9.4,0.046,47.0,188.0,0.9964,3.14,0.48,10.0,6
1502,8.3,0.2,0.49,1.7,0.04,34.0,169.0,0.9938,3.05,0.37,10.1,5
1505,7.0,0.17,0.74,12.8,0.045,24.0,126.0,0.9942,3.26,0.38,12.2,6
1507,8.1,0.2,0.49,8.1,0.051,51.0,205.0,0.9954,3.1,0.52,11.0,6
1509,6.8,0.21,0.49,14.5,0.06,50.0,170.0,0.9991,3.55,0.44,9.8,6
1511,8.0,0.18,0.49,1.8,0.061,10.0,145.0,0.9942,3.23,0.48,10.0,5
1527,14.2,0.27,0.49,1.1,0.037000000000000005,33.0,156.0,0.992,3.15,0.54,11.1,6
1532,8.1,0.3,0.49,8.1,0.037000000000000005,26.0,174.0,0.9943,3.1,0.3,11.2,6
1534,7.3,0.26,0.49,5.0,0.027999999999999997,32.0,107.0,0.9936,3.24,0.54,10.8,6
1535,7.1,0.18,0.74,15.6,0.044000000000000004,44.0,176.0,0.9996,3.38,0.67,9.0,6
1543,7.2,0.16,0.49,1.3,0.037000000000000005,27.0,104.0,0.9924,3.23,0.57,10.6,6
1544,7.3,0.14,0.49,1.1,0.038,28.0,99.0,0.9928,3.2,0.72,10.6,6
1547,6.7,0.29,0.49,4.7,0.034,35.0,156.0,0.9945,3.13,0.45,9.9,6
1549,7.1,0.36,0.24,1.8,0.025,32.0,102.0,0.9903,3.34,0.59,12.8,7
1555,7.9,0.42,0.49,8.2,0.055999999999999994,32.0,164.0,0.9965,3.29,0.6,11.2,6
1556,6.9,0.24,0.49,1.3,0.032,35.0,148.0,0.9932,3.45,0.57,10.7,6
1560,8.8,0.35,0.49,1.0,0.036000000000000004,14.0,56.0,0.992,2.96,0.33,10.5,5
1570,6.7,0.3,0.74,5.0,0.038,35.0,157.0,0.9945,3.21,0.46,9.9,6
1576,6.8,0.17,0.74,2.4,0.053,61.0,182.0,0.9953,3.63,0.76,10.5,6
1578,7.1,0.64,0.49,1.8,0.05,17.0,128.0,0.9946,3.31,0.58,10.6,6
1587,9.3,0.31,0.49,1.3,0.042,34.0,147.0,0.9948,3.11,0.46,9.8,6
1588,6.4,0.25,0.74,7.8,0.045,52.0,209.0,0.9956,3.21,0.42,9.2,5
1589,7.3,0.3,0.74,13.5,0.039,46.0,165.0,0.9982,3.02,0.4,8.7,5
1590,7.0,0.27,0.74,1.5,0.036000000000000004,27.0,122.0,0.9926,3.35,0.48,11.2,6
1591,7.9,0.14,0.74,1.2,0.027999999999999997,30.0,165.0,0.991,3.08,0.82,12.3,6
1593,6.8,0.21,0.74,1.2,0.047,25.0,111.0,0.9916,3.13,0.41,10.7,6
1597,6.6,0.55,0.01,2.7,0.034,56.0,122.0,0.9906,3.15,0.3,11.9,6
1604,5.6,0.41,0.24,1.9,0.034,10.0,53.0,0.98815,3.32,0.5,13.5,6
1607,7.5,0.32,0.49,1.7,0.031,44.0,109.0,0.9906,3.07,0.46,12.5,6
1612,8.2,0.26,0.49,5.2,0.04,19.0,100.0,0.9941,3.12,0.34,10.1,6
1617,6.9,0.34,0.49,7.3,0.045,61.0,206.0,0.9957,3.09,0.4,9.0,5
1618,6.2,0.2,0.49,1.6,0.065,17.0,143.0,0.9937,3.22,0.52,9.2,6
1623,6.5,0.44,0.49,7.7,0.045,16.0,169.0,0.9957,3.11,0.37,8.7,5
1625,9.0,0.17,0.49,1.0,0.039,46.0,131.0,0.993,3.09,0.51,10.5,6
1626,6.4,0.26,0.49,6.4,0.037000000000000005,37.0,161.0,0.9954,3.38,0.53,9.7,6
1639,7.6,0.47,0.49,13.0,0.239,42.0,220.0,0.9988,2.96,0.51,9.2,5
1641,7.8,0.49,0.49,7.0,0.043,29.0,149.0,0.9952,3.21,0.33,10.0,6
1644,8.1,0.3,0.49,12.3,0.049,50.0,144.0,0.9971,3.09,0.57,10.2,6
1660,6.6,0.325,0.49,7.7,0.049,53.0,217.0,0.996,3.16,0.4,9.3,5
1661,6.6,0.27,0.49,7.8,0.049,62.0,217.0,0.9959,3.17,0.45,9.4,5
1663,6.7,0.21,0.49,1.4,0.047,30.0,114.0,0.9914,2.92,0.42,10.8,6
1672,7.0,0.35,0.3,6.5,0.027999999999999997,27.0,87.0,0.9936,3.4,0.42,11.4,7
1676,6.2,0.27,0.32,8.8,0.047,65.0,224.0,0.9961,3.17,0.47,8.9,5
1690,7.1,0.16,0.25,1.3,0.034,28.0,123.0,0.9915,3.27,0.55,11.4,6
1695,7.7,0.12,0.32,1.4,0.06,47.0,150.0,0.9952,3.37,0.42,9.2,6
1697,8.5,0.32,0.36,14.9,0.040999999999999995,47.0,190.0,0.9982,3.08,0.31,10.0,6
1704,6.7,0.33,0.42,6.4,0.057999999999999996,27.0,151.0,0.9954,3.16,0.44,9.6,5
1706,6.6,0.25,0.31,1.5,0.035,32.0,127.0,0.9921,3.41,0.47,11.3,6
1711,8.1,0.31,0.24,1.6,0.032,10.0,67.0,0.9924,3.08,0.47,10.5,5
1723,7.5,0.4,1.0,19.5,0.040999999999999995,33.0,148.0,0.9977,3.24,0.38,12.0,6
1736,8.0,0.32,0.36,4.6,0.042,56.0,178.0,0.9928,3.29,0.47,12.0,6
1747,7.5,0.22,0.29,4.8,0.05,33.0,87.0,0.9940000000000001,3.14,0.42,9.9,6
1755,6.4,0.16,0.28,2.2,0.042,33.0,93.0,0.9914,3.31,0.43,11.1,6
1757,6.7,0.27,0.25,8.0,0.053,54.0,202.0,0.9961,3.22,0.43,9.3,5
1762,8.0,0.3,0.28,5.7,0.044000000000000004,31.0,124.0,0.9948,3.16,0.51,10.2,6
1774,7.8,0.39,0.26,9.9,0.059000000000000004,33.0,181.0,0.9955,3.04,0.42,10.9,6
1777,6.6,0.25,0.35,14.0,0.069,42.0,163.0,0.9990000000000001,3.56,0.47,9.8,6
1778,6.5,0.18,0.26,1.4,0.040999999999999995,40.0,141.0,0.9941,3.34,0.72,9.5,6
1782,6.1,0.32,0.37,1.8,0.051,13.0,200.0,0.9945,3.49,0.44,10.5,5
1784,8.7,0.45,0.4,1.5,0.067,17.0,100.0,0.9957,3.27,0.57,10.1,5
1785,6.7,0.24,0.29,6.8,0.038,54.0,127.0,0.9932,3.33,0.46,11.6,6
1786,8.5,0.21,0.26,9.25,0.034,73.0,142.0,0.9945,3.05,0.37,11.4,6
1802,9.4,0.16,0.23,1.6,0.042,14.0,67.0,0.9942,3.07,0.32,9.5,6
1806,7.5,0.33,0.39,12.4,0.065,29.0,119.0,0.9974,3.16,0.39,9.4,5
1809,7.5,0.33,0.39,12.4,0.065,29.0,119.0,0.9974,3.16,0.39,9.4,5
1813,5.6,0.46,0.24,4.8,0.042,24.0,72.0,0.9908,3.29,0.37,12.6,7
1817,6.7,0.27,0.3,13.9,0.028999999999999998,34.0,131.0,0.9953,3.36,0.5,12.0,6
1819,6.0,0.26,0.29,1.0,0.032,27.0,96.0,0.9896,3.38,0.44,12.3,6
1827,6.5,0.32,0.12,11.5,0.033,35.0,165.0,0.9974,3.22,0.32,9.0,5
1832,7.4,0.49,0.24,15.1,0.03,34.0,153.0,0.9953,3.13,0.51,12.0,6
1833,7.7,0.44,0.24,11.2,0.031,41.0,167.0,0.9948,3.12,0.43,11.3,7
1842,7.2,0.24,0.29,2.2,0.037000000000000005,37.0,102.0,0.992,3.27,0.64,11.0,7
1843,8.2,0.18,0.31,11.8,0.039,96.0,249.0,0.9976,3.07,0.52,9.5,6
1846,7.4,0.44,0.2,11.5,0.049,44.0,157.0,0.998,3.27,0.44,9.0,5
1847,7.6,0.26,0.58,7.9,0.040999999999999995,62.0,180.0,0.9966,3.07,0.38,9.0,5
1848,7.4,0.44,0.2,11.5,0.049,44.0,157.0,0.998,3.27,0.44,9.0,5
1858,8.9,0.34,0.34,1.6,0.055999999999999994,13.0,176.0,0.9946,3.14,0.47,9.7,5
1861,6.7,0.18,0.19,4.7,0.046,57.0,161.0,0.9946,3.32,0.66,10.5,6
1864,6.6,0.28,0.3,7.8,0.049,57.0,202.0,0.9958,3.24,0.39,9.5,5
1870,8.2,0.18,0.28,8.5,0.035,41.0,140.0,0.9952,3.04,0.37,10.1,6
1872,7.0,0.21,0.22,5.1,0.048,38.0,168.0,0.9945,3.34,0.49,10.4,6
1880,7.2,0.2,0.61,16.2,0.043,14.0,103.0,0.9987,3.06,0.36,9.2,6
1889,7.2,0.24,0.4,17.85,0.049,50.0,185.0,1.0,3.34,0.42,9.6,5
1891,7.7,0.3,0.42,14.3,0.045,45.0,213.0,0.9991,3.18,0.63,9.2,5
1902,7.4,0.21,0.3,7.9,0.039,14.0,118.0,0.9942,2.96,0.34,10.4,6
1904,7.8,0.34,0.27,1.2,0.04,25.0,106.0,0.9932,3.01,0.55,10.4,6
1905,7.9,0.26,0.33,10.3,0.039,73.0,212.0,0.9969,2.93,0.49,9.5,6
1920,7.3,0.22,0.5,13.7,0.049,56.0,189.0,0.9994,3.24,0.66,9.0,5
1925,7.6,0.26,0.36,1.6,0.032,6.0,106.0,0.993,3.15,0.4,10.4,5
1928,7.1,0.25,0.28,1.6,0.052000000000000005,46.0,169.0,0.9926,3.05,0.41,10.5,6
1933,9.2,0.71,0.23,6.2,0.042,15.0,93.0,0.9948,2.89,0.34,10.1,5
1941,8.3,0.36,0.57,15.0,0.052000000000000005,35.0,256.0,1.0001,2.93,0.64,8.6,5
1942,6.8,0.31,0.32,7.6,0.052000000000000005,35.0,143.0,0.9959,3.14,0.38,9.0,5
1943,8.3,0.36,0.57,15.0,0.052000000000000005,35.0,256.0,1.0001,2.93,0.64,8.6,5
1947,6.4,0.22,0.32,12.0,0.066,57.0,158.0,0.9992,3.6,0.43,9.0,6
1951,8.0,0.25,0.13,17.2,0.036000000000000004,49.0,219.0,0.9996,2.96,0.46,9.7,5
1952,9.9,1.005,0.46,1.4,0.046,34.0,185.0,0.9966,3.02,0.49,10.2,5
1953,8.1,0.31,0.36,8.2,0.027999999999999997,29.0,142.0,0.9925,3.01,0.34,13.0,6
1956,6.4,0.29,0.28,11.1,0.063,66.0,169.0,0.9973,2.89,0.57,9.0,6
1957,7.2,0.15,0.33,1.1,0.027000000000000003,16.0,63.0,0.9937,3.37,0.4,9.9,5
1959,7.4,0.32,0.55,16.6,0.055999999999999994,53.0,238.0,1.0017,2.96,0.58,8.7,5
1973,7.6,0.2,0.26,4.5,0.086,37.0,133.0,0.9963,3.15,0.42,9.2,6
1975,7.5,0.26,0.26,18.35,0.084,33.0,139.0,1.0011,3.17,0.39,8.8,5
1994,7.4,0.3,0.22,5.25,0.053,33.0,180.0,0.9926,3.13,0.45,11.6,6
1995,7.0,0.28,0.33,14.6,0.043,47.0,168.0,0.9994,3.34,0.67,8.8,6
2006,7.0,0.28,0.33,14.6,0.043,47.0,168.0,0.9994,3.34,0.67,8.8,6
2007,8.4,0.2,0.38,11.8,0.055,51.0,170.0,1.0004,3.34,0.82,8.9,6
2016,6.9,0.19,0.39,8.0,0.027999999999999997,22.0,84.0,0.9940000000000001,3.11,0.66,10.8,6
2022,6.3,0.21,0.28,1.5,0.051,46.0,142.0,0.9928,3.23,0.42,10.1,6
2032,7.6,0.29,0.26,6.5,0.042,32.0,160.0,0.9944,3.14,0.47,10.7,5
2036,8.8,0.2,0.28,1.1,0.018000000000000002,18.0,72.0,0.9926,2.97,0.35,10.4,6
2046,8.7,0.24,0.35,0.6,0.042,11.0,71.0,0.9926,3.08,0.38,10.6,5
2052,6.8,0.21,0.27,18.15,0.042,41.0,146.0,1.0001,3.3,0.36,8.7,5
2053,6.8,0.21,0.27,18.15,0.042,41.0,146.0,1.0001,3.3,0.36,8.7,5
2073,6.6,0.23,0.27,5.6,0.043,43.0,164.0,0.9953,3.27,0.76,9.5,6
2076,7.6,0.18,0.36,2.4,0.049,38.0,123.0,0.996,3.6,0.46,10.3,6
2079,5.9,0.17,0.3,1.4,0.042,25.0,119.0,0.9931,3.68,0.72,10.5,6
2083,7.5,0.33,0.32,11.1,0.036000000000000004,25.0,119.0,0.9962,3.15,0.34,10.5,6
2087,8.2,0.17,0.32,1.5,0.05,17.0,101.0,0.9940000000000001,3.14,0.58,9.5,6
2102,6.8,0.28,0.35,2.3,0.042,16.0,85.0,0.9906,3.19,0.56,12.4,6
2104,6.0,0.27,0.15,1.5,0.055999999999999994,35.0,128.0,0.9936,3.12,0.45,8.8,5
2112,6.5,0.22,0.25,17.1,0.05,44.0,138.0,1.0001,3.3,0.37,8.8,5
2113,6.5,0.22,0.25,17.1,0.05,44.0,138.0,1.0001,3.3,0.37,8.8,5
2118,7.7,0.26,0.32,1.2,0.04,26.0,117.0,0.993,3.21,0.56,10.8,6
2125,7.7,0.39,0.28,4.9,0.035,36.0,109.0,0.9918,3.19,0.58,12.2,7
2132,7.1,0.22,0.32,16.9,0.055999999999999994,49.0,158.0,0.9998,3.37,0.38,9.6,6
2137,7.9,0.18,0.36,5.9,0.057999999999999996,31.0,132.0,0.995,3.25,0.52,10.9,6
2149,7.1,0.33,0.64,13.2,0.055999999999999994,12.0,105.0,0.9972,3.05,0.39,9.2,5
2157,7.9,0.28,0.32,3.6,0.038,9.0,76.0,0.992,3.05,0.31,11.7,6
2160,6.3,0.24,0.37,1.8,0.031,6.0,61.0,0.9897,3.3,0.34,12.2,6
2171,7.4,0.19,0.3,12.8,0.053,48.5,229.0,0.9986,3.14,0.49,9.1,7
2181,8.0,0.36,0.43,10.1,0.053,29.0,146.0,0.9982,3.4,0.46,9.5,5
2183,6.6,0.32,0.27,10.9,0.040999999999999995,37.0,146.0,0.9963,3.24,0.47,10.0,6
2192,9.2,0.23,0.35,10.7,0.037000000000000005,34.0,145.0,0.9981,3.09,0.32,9.7,6
2196,6.8,0.25,0.18,1.4,0.055999999999999994,13.0,137.0,0.9935,3.11,0.42,9.5,5
2209,7.1,0.26,0.3,2.0,0.031,13.0,128.0,0.9917,3.19,0.49,11.4,5
2216,8.5,0.28,0.34,13.8,0.040999999999999995,32.0,161.0,0.9981,3.13,0.4,9.9,6
2218,8.1,0.25,0.38,3.8,0.051,18.0,129.0,0.9928,3.21,0.38,11.5,6
2221,7.0,0.22,0.32,1.6,0.045,40.0,120.0,0.9914,2.98,0.44,10.5,6
2226,7.6,0.23,0.26,15.3,0.067,32.0,166.0,0.9986,3.03,0.44,9.2,6
2232,6.9,0.25,0.35,9.2,0.034,42.0,150.0,0.9947,3.21,0.36,11.5,6
2241,7.2,0.29,0.18,8.2,0.042,41.0,180.0,0.99644,3.16,0.49,9.1,5
2247,6.4,0.34,0.2,14.9,0.06,37.0,162.0,0.9983,3.13,0.45,9.0,4
2248,6.1,0.15,0.29,6.2,0.046,39.0,151.0,0.99471,3.6,0.44,10.6,6
2252,7.4,0.18,0.29,1.4,0.042,34.0,101.0,0.99384,3.54,0.6,10.5,6
2253,7.2,0.29,0.2,7.7,0.046,51.0,174.0,0.99582,3.16,0.52,9.5,5
2255,6.2,0.26,0.19,3.4,0.049,47.0,172.0,0.9924,3.14,0.43,10.4,6
2257,7.1,0.14,0.35,1.4,0.039,24.0,128.0,0.9921200000000001,2.97,0.68,10.4,6
2263,8.5,0.25,0.31,2.8,0.032,11.0,61.0,0.9918899999999999,3.06,0.44,11.5,6
2268,6.6,0.19,0.43,10.9,0.045,53.0,154.0,0.9975200000000001,3.52,0.77,10.4,7
2278,7.4,0.14,0.3,1.3,0.033,25.0,91.0,0.9926799999999999,3.53,0.39,10.6,6
2281,6.4,0.16,0.25,1.3,0.047,20.0,77.0,0.9933,3.61,0.54,10.2,6
2285,7.4,0.33,0.26,15.6,0.049,67.0,210.0,0.9990700000000001,3.06,0.68,9.5,5
2297,6.9,0.28,0.31,7.2,0.04,47.0,168.0,0.9946,3.29,0.57,10.6,6
2302,6.6,0.22,0.28,12.05,0.057999999999999996,25.0,125.0,0.99856,3.45,0.45,9.4,6
2305,7.5,0.42,0.2,1.4,0.06,15.0,168.0,0.9944,3.06,0.4,9.4,5
2312,7.0,0.22,0.26,2.8,0.036000000000000004,44.0,132.0,0.9907799999999999,3.34,0.41,12.0,7
2313,9.4,0.28,0.3,1.6,0.045,36.0,139.0,0.99534,3.11,0.49,9.3,6
2315,7.0,0.19,0.33,6.3,0.032,42.0,127.0,0.99182,3.31,0.38,12.2,7
2319,7.5,0.26,0.59,11.8,0.046,58.0,164.0,0.9981399999999999,3.17,0.46,8.9,6
2322,4.6,0.445,0.0,1.4,0.053,11.0,178.0,0.99426,3.79,0.55,10.2,5
2325,6.9,0.3,0.21,7.2,0.045,54.0,190.0,0.99595,3.22,0.48,9.4,5
2326,7.0,0.35,0.17,1.1,0.049,7.0,119.0,0.99297,3.13,0.36,9.7,6
2331,7.5,0.38,0.29,12.7,0.05,25.0,209.0,0.9986,3.25,0.59,9.3,5
2333,6.3,0.4,0.32,10.6,0.049,38.0,209.0,0.9981,3.47,0.59,9.3,5
2336,8.3,0.27,0.34,10.2,0.048,50.0,118.0,0.99716,3.18,0.51,10.3,6
2339,7.2,0.34,0.3,8.4,0.051,40.0,167.0,0.99756,3.48,0.62,9.7,5
2340,7.0,0.23,0.26,7.2,0.040999999999999995,21.0,90.0,0.9950899999999999,3.22,0.55,9.5,6
2343,7.7,0.4,0.27,4.5,0.034,27.0,95.0,0.99175,3.21,0.59,12.3,7
2345,7.0,0.23,0.26,7.2,0.040999999999999995,21.0,90.0,0.9950899999999999,3.22,0.55,9.5,6
2347,7.7,0.28,0.63,11.1,0.039,58.0,179.0,0.9979,3.08,0.44,8.8,5
2353,6.1,0.28,0.16,1.3,0.06,36.0,126.0,0.9935299999999999,3.13,0.46,8.7,5
2368,7.2,0.3,0.3,8.1,0.05,40.0,188.0,0.9965200000000001,3.15,0.49,9.1,5
2370,6.1,0.16,0.29,6.0,0.03,29.0,144.0,0.99474,3.68,0.46,10.7,6
2374,7.6,0.48,0.37,1.2,0.034,5.0,57.0,0.99256,3.05,0.54,10.4,5
2377,7.2,0.2,0.3,2.0,0.039,43.0,188.0,0.9911,3.3,0.41,12.0,6
2388,6.9,0.3,0.3,1.3,0.053,24.0,186.0,0.99361,3.29,0.54,9.9,4
2389,7.6,0.21,0.35,1.2,0.040999999999999995,7.0,106.0,0.9914,3.06,0.45,11.3,6
2391,7.0,0.28,0.26,1.7,0.042,34.0,130.0,0.9925,3.43,0.5,10.7,7
2396,7.0,0.27,0.29,3.9,0.059000000000000004,28.0,199.0,0.9961,3.54,0.59,10.3,6
2402,9.2,0.16,0.49,2.0,0.044000000000000004,18.0,107.0,0.9951399999999999,3.1,0.53,10.2,6
2403,8.0,0.26,0.28,8.2,0.038,72.0,202.0,0.99566,3.12,0.56,10.0,6
2406,6.6,0.23,0.18,8.5,0.044000000000000004,59.0,188.0,0.9955799999999999,3.16,0.49,9.5,6
2408,7.6,0.31,0.27,5.8,0.036000000000000004,23.0,109.0,0.9939899999999999,3.34,0.54,11.0,6
2416,8.2,0.24,0.3,2.3,0.05,23.0,106.0,0.99397,2.98,0.5,10.0,5
2418,7.3,0.815,0.09,11.4,0.044000000000000004,45.0,204.0,0.99713,3.15,0.46,9.0,5
2419,6.3,0.41,0.16,0.9,0.032,25.0,98.0,0.99274,3.16,0.42,9.5,5
2421,8.1,0.4,0.32,7.9,0.031,23.0,118.0,0.9917600000000001,3.05,0.46,13.3,7
2425,6.2,0.44,0.18,7.7,0.096,28.0,210.0,0.99771,3.56,0.72,9.2,5
2432,6.3,0.29,0.14,7.05,0.045,50.0,177.0,0.99564,3.23,0.42,9.0,5
2436,6.4,0.35,0.35,5.6,0.034,9.0,148.0,0.99441,3.17,0.5,9.8,5
2437,6.9,0.43,0.28,9.4,0.055999999999999994,29.0,183.0,0.9959399999999999,3.17,0.43,9.4,5
2438,8.0,0.26,0.28,4.8,0.05,34.0,150.0,0.9943700000000001,3.13,0.5,10.0,6
2439,6.9,0.43,0.28,9.4,0.055999999999999994,29.0,183.0,0.9959399999999999,3.17,0.43,9.4,5
2443,7.6,0.285,0.32,14.6,0.063,32.0,201.0,0.998,3.0,0.45,9.2,5
2447,6.6,0.32,0.33,2.5,0.052000000000000005,40.0,210.0,0.99316,3.15,0.6,10.0,5
2448,6.5,0.27,0.26,8.2,0.042,21.0,133.0,0.9961200000000001,3.43,0.64,9.8,6
2452,6.6,0.56,0.15,10.0,0.037000000000000005,38.0,157.0,0.9964200000000001,3.28,0.52,9.4,5
2456,7.8,0.32,0.33,10.4,0.031,47.0,194.0,0.99692,3.07,0.58,9.6,6
2459,7.8,0.32,0.33,10.4,0.031,47.0,194.0,0.99692,3.07,0.58,9.6,6
2466,7.5,0.28,0.78,12.1,0.040999999999999995,53.0,161.0,0.9983799999999999,2.98,0.44,8.7,6
2477,6.8,0.29,0.49,1.4,0.142,52.0,148.0,0.9937,3.08,0.49,9.0,5
2487,6.7,0.24,0.32,10.3,0.079,37.0,122.0,0.9966200000000001,3.02,0.45,8.8,6
2511,6.2,0.28,0.45,7.5,0.045,46.0,203.0,0.9957299999999999,3.26,0.46,9.2,5
2513,5.6,0.175,0.29,0.8,0.043,20.0,67.0,0.9911200000000001,3.28,0.48,9.9,6
2517,7.1,0.32,0.29,4.0,0.038,33.0,170.0,0.9946299999999999,3.27,0.64,10.2,6
2531,5.8,0.3,0.12,1.6,0.036000000000000004,57.0,163.0,0.99239,3.38,0.59,10.5,6
2547,6.7,0.5,0.38,7.5,0.046,26.0,175.0,0.9966200000000001,3.32,0.54,9.6,5
2548,6.2,0.33,0.14,4.8,0.052000000000000005,27.0,128.0,0.99475,3.21,0.48,9.4,5
2555,6.4,0.15,0.44,1.2,0.043,67.0,150.0,0.9907,3.14,0.73,11.2,7
2557,7.6,0.23,0.64,12.9,0.033,54.0,170.0,0.998,3.0,0.53,8.8,6
2559,6.3,0.13,0.42,1.1,0.043,63.0,146.0,0.99066,3.13,0.72,11.2,7
2572,7.0,0.16,0.32,1.1,0.032,29.0,80.0,0.98972,3.23,0.36,12.1,6
2587,6.8,0.18,0.3,12.8,0.062,19.0,171.0,0.99808,3.0,0.52,9.0,7
2589,6.8,0.18,0.3,12.8,0.062,19.0,171.0,0.99808,3.0,0.52,9.0,7
2599,7.8,0.28,0.31,2.1,0.046,28.0,208.0,0.99434,3.23,0.64,9.8,5
2602,6.2,0.26,0.32,15.3,0.031,64.0,185.0,0.99835,3.31,0.61,9.4,5
2605,6.7,0.3,0.29,2.8,0.025,37.0,107.0,0.99159,3.31,0.63,11.3,7
2606,7.1,0.2,0.3,0.9,0.019,4.0,28.0,0.98931,3.2,0.36,12.0,6
2610,7.1,0.2,0.3,0.9,0.019,4.0,28.0,0.98931,3.2,0.36,12.0,6
2621,6.5,0.28,0.28,20.4,0.040999999999999995,40.0,144.0,1.0002,3.14,0.38,8.7,5
2632,6.7,0.28,0.28,2.4,0.012,36.0,100.0,0.99064,3.26,0.39,11.7,7
2634,7.2,0.24,0.27,11.4,0.034,40.0,174.0,0.9977299999999999,3.2,0.44,9.0,5
2643,7.6,0.23,0.4,5.2,0.066,14.0,91.0,0.9948799999999999,3.17,0.8,9.7,5
2644,8.1,0.33,0.22,5.2,0.047,24.0,151.0,0.9952700000000001,3.22,0.47,10.3,5
2646,6.7,0.12,0.3,5.2,0.048,38.0,113.0,0.9935200000000001,3.33,0.44,10.1,6
2647,5.7,0.18,0.36,1.2,0.046,9.0,71.0,0.9919899999999999,3.7,0.68,10.9,6
2648,5.8,0.15,0.28,0.8,0.037000000000000005,43.0,127.0,0.99198,3.24,0.51,9.3,6
2649,6.6,0.23,0.29,14.45,0.057,29.0,144.0,0.99756,3.33,0.54,10.2,6
2651,7.0,0.34,0.39,6.9,0.066,43.0,162.0,0.99561,3.11,0.53,9.5,5
2660,7.1,0.15,0.34,1.0,0.033,27.0,73.0,0.98974,3.24,0.41,12.2,6
2663,7.0,0.23,0.33,1.0,0.043,46.0,110.0,0.99118,3.04,0.65,10.8,6
2668,6.6,0.12,0.25,1.4,0.039,21.0,131.0,0.9911399999999999,3.2,0.45,11.2,7
2670,6.8,0.26,0.4,7.5,0.046,45.0,179.0,0.9958299999999999,3.2,0.49,9.3,5
2675,7.2,0.35,0.25,5.6,0.032,23.0,120.0,0.99334,2.93,0.66,10.3,7
2677,7.6,0.1,0.33,1.0,0.031,33.0,93.0,0.9909399999999999,3.06,0.68,11.2,6
2689,7.2,0.19,0.27,11.2,0.061,46.0,149.0,0.99772,2.99,0.59,9.3,6
2692,6.2,0.28,0.27,10.3,0.03,26.0,108.0,0.9938799999999999,3.2,0.36,10.7,6
2699,6.9,0.31,0.32,1.2,0.024,20.0,166.0,0.99208,3.05,0.54,9.8,6
2704,6.5,0.23,0.36,16.3,0.038,43.0,133.0,0.99924,3.26,0.41,8.8,5
2707,7.5,0.28,0.39,10.2,0.045,59.0,209.0,0.9972,3.16,0.63,9.6,6
2718,6.8,0.16,0.29,10.4,0.046,59.0,143.0,0.99518,3.2,0.4,10.8,6
2727,5.3,0.2,0.31,3.6,0.036000000000000004,22.0,91.0,0.9927799999999999,3.41,0.5,9.8,6
2731,6.8,0.3,0.22,6.2,0.06,41.0,190.0,0.9985799999999999,3.18,0.51,9.2,5
2736,6.5,0.35,0.28,12.4,0.051,86.0,213.0,0.9962,3.16,0.51,9.9,6
2737,6.5,0.17,0.31,1.5,0.040999999999999995,34.0,121.0,0.99092,3.06,0.46,10.5,6
2741,6.3,0.2,0.19,12.3,0.048,54.0,145.0,0.9966799999999999,3.16,0.42,9.3,6
2742,6.9,0.615,0.42,12.0,0.067,24.0,131.0,0.9972700000000001,3.19,0.34,9.3,5
2745,6.7,0.27,0.33,3.6,0.034,9.0,45.0,0.99144,3.08,0.4,10.5,6
2747,7.0,0.34,0.3,1.8,0.045,44.0,142.0,0.9914,2.99,0.45,10.8,6
2762,6.0,0.26,0.15,1.3,0.06,51.0,154.0,0.99354,3.14,0.51,8.7,5
2765,7.9,0.16,0.3,7.4,0.05,58.0,152.0,0.9961200000000001,3.12,0.37,9.5,6
2766,6.4,0.27,0.29,10.8,0.027999999999999997,17.0,118.0,0.99356,3.18,0.37,11.2,6
2769,7.7,0.3,0.34,1.2,0.048,4.0,119.0,0.9908399999999999,3.18,0.34,12.1,6
2770,7.3,0.32,0.35,1.4,0.05,8.0,163.0,0.99244,3.24,0.42,10.7,5
2771,6.4,0.44,0.44,14.4,0.048,29.0,228.0,0.99955,3.26,0.54,8.8,5
2774,7.6,0.39,0.32,3.6,0.035,22.0,93.0,0.99144,3.08,0.6,12.5,7
2777,7.0,0.36,0.32,10.5,0.045,35.0,135.0,0.9935,3.09,0.33,11.6,6
2785,7.1,0.2,0.31,7.4,0.053,32.0,211.0,0.99587,3.31,0.59,10.4,6
2786,6.4,0.24,0.25,20.2,0.083,35.0,157.0,0.99976,3.17,0.5,9.1,5
2787,8.0,0.3,0.36,11.0,0.034,8.0,70.0,0.99354,3.05,0.41,12.2,6
2798,6.8,0.35,0.53,10.1,0.053,37.0,151.0,0.9963,3.07,0.4,9.4,5
2801,6.6,0.25,0.51,8.0,0.047,61.0,189.0,0.9960399999999999,3.22,0.49,9.2,5
2819,6.0,0.11,0.47,10.6,0.052000000000000005,69.0,148.0,0.9958,2.91,0.34,9.3,6
2828,6.4,0.14,0.31,1.2,0.034,53.0,138.0,0.9908399999999999,3.38,0.35,11.5,7
2832,6.6,0.45,0.43,7.2,0.064,31.0,186.0,0.9954,3.12,0.44,9.4,5
2842,5.5,0.375,0.38,1.7,0.036000000000000004,17.0,98.0,0.9914200000000001,3.29,0.39,10.5,6
2844,5.9,0.22,0.38,1.3,0.046,24.0,90.0,0.9923200000000001,3.2,0.47,10.0,6
2845,8.0,0.22,0.31,5.6,0.049,24.0,97.0,0.993,3.1,0.42,10.9,6
2846,6.5,0.22,0.29,7.4,0.027999999999999997,16.0,87.0,0.99311,3.15,0.56,10.9,6
2859,6.9,0.33,0.26,5.0,0.027000000000000003,46.0,143.0,0.9924,3.25,0.43,11.2,7
2863,5.1,0.11,0.32,1.6,0.027999999999999997,12.0,90.0,0.99008,3.57,0.52,12.2,7
2867,5.6,0.18,0.58,1.25,0.034,29.0,129.0,0.9898399999999999,3.51,0.6,12.0,6
2868,6.7,0.48,0.32,1.4,0.021,22.0,121.0,0.9889,3.15,0.53,12.7,7
2875,5.4,0.23,0.36,1.5,0.03,74.0,121.0,0.9897600000000001,3.24,0.99,12.1,6
2878,6.5,0.15,0.55,5.9,0.045,75.0,162.0,0.99482,2.97,0.4,9.3,6
2885,7.0,0.28,0.32,7.75,0.032,30.0,114.0,0.9915799999999999,3.12,0.64,12.8,7
2888,6.4,0.2,0.28,2.5,0.032,24.0,84.0,0.9916799999999999,3.31,0.55,11.5,7
2894,6.2,0.16,0.34,1.7,0.038,85.0,153.0,0.9909,3.33,0.86,12.0,7
2901,6.1,0.16,0.37,1.1,0.031,37.0,97.0,0.9922,3.4,0.58,10.5,6
2904,5.7,0.21,0.25,1.1,0.035,26.0,81.0,0.9902,3.31,0.52,11.4,6
2907,6.6,0.26,0.46,6.9,0.047,59.0,183.0,0.9959399999999999,3.2,0.45,9.3,5
2914,7.7,0.18,0.3,1.2,0.046,49.0,199.0,0.99413,3.03,0.38,9.3,6
2915,6.9,0.14,0.38,1.0,0.040999999999999995,22.0,81.0,0.9904299999999999,3.03,0.54,11.4,6
2918,7.1,0.36,0.4,1.95,0.033,26.0,118.0,0.98934,3.2,0.45,13.5,7
2923,6.5,0.44,0.47,5.45,0.013999999999999999,44.0,137.0,0.9898399999999999,3.13,0.32,13.0,7
2924,6.9,0.22,0.31,6.3,0.028999999999999998,41.0,131.0,0.99326,3.08,0.49,10.8,6
2926,7.7,0.25,0.3,7.8,0.038,67.0,196.0,0.99555,3.1,0.5,10.1,5
2928,7.0,0.31,0.31,9.1,0.036000000000000004,45.0,140.0,0.99216,2.98,0.31,12.0,7
2946,4.9,0.33,0.31,1.2,0.016,39.0,150.0,0.98713,3.33,0.59,14.0,7
2950,6.0,0.28,0.52,5.0,0.078,30.0,139.0,0.9949399999999999,3.1,0.36,9.0,5
2951,6.0,0.28,0.25,1.8,0.042,8.0,108.0,0.9929,3.08,0.55,9.0,5
2952,7.2,0.2,0.22,1.6,0.044000000000000004,17.0,101.0,0.99471,3.37,0.53,10.0,5
2958,6.4,0.12,0.3,1.1,0.031,37.0,94.0,0.9898600000000001,3.01,0.56,11.7,6
2963,6.9,0.38,0.38,13.1,0.11199999999999999,14.0,94.0,0.99792,3.02,0.48,9.2,5
2965,5.8,0.19,0.24,1.3,0.044000000000000004,38.0,128.0,0.9936200000000001,3.77,0.6,10.6,6
2975,7.5,0.19,0.4,7.1,0.055999999999999994,50.0,110.0,0.9954,3.06,0.52,9.9,6
2977,6.8,0.32,0.39,9.6,0.026000000000000002,34.0,124.0,0.9928600000000001,3.18,0.35,12.1,7
2979,6.6,0.23,0.2,11.4,0.044000000000000004,45.0,131.0,0.9960399999999999,2.96,0.51,9.7,6
2991,5.0,0.27,0.32,4.5,0.032,58.0,178.0,0.98956,3.45,0.31,12.6,7
3005,6.3,0.18,0.36,1.2,0.034,26.0,111.0,0.99074,3.16,0.51,11.0,6
3011,6.7,0.25,0.31,1.35,0.061,30.5,218.0,0.9938799999999999,3.16,0.53,9.5,5
3012,6.6,0.22,0.36,5.5,0.028999999999999998,30.0,105.0,0.99206,3.2,0.47,11.8,6
3015,7.0,0.45,0.34,19.8,0.04,12.0,67.0,0.9976,3.07,0.38,11.0,6
3026,5.4,0.22,0.29,1.2,0.045,69.0,152.0,0.9917799999999999,3.76,0.63,11.0,6
3030,7.1,0.47,0.29,14.8,0.024,22.0,142.0,0.99518,3.12,0.48,12.0,6
3032,5.8,0.19,0.25,10.8,0.042,33.0,124.0,0.99646,3.22,0.41,9.2,6
3036,6.0,0.24,0.33,2.5,0.026000000000000002,31.0,85.0,0.9901399999999999,3.13,0.5,11.3,6
3041,6.3,0.2,0.37,11.8,0.045,58.0,130.0,0.99519,3.2,0.35,10.8,6
3046,5.7,0.12,0.26,5.5,0.034,21.0,99.0,0.99324,3.09,0.57,9.9,6
3065,7.4,0.21,0.8,12.3,0.038,77.0,183.0,0.9977799999999999,2.95,0.48,9.0,6
3066,7.0,0.15,0.38,15.3,0.045,54.0,120.0,0.9975,3.18,0.42,9.8,6
3077,6.3,0.28,0.3,3.1,0.039,24.0,115.0,0.9942,3.05,0.43,8.6,6
3096,9.7,0.24,0.49,4.9,0.032,3.0,18.0,0.9936799999999999,2.85,0.54,10.0,5
3099,5.1,0.33,0.27,6.7,0.022000000000000002,44.0,129.0,0.99221,3.36,0.39,11.0,6
3100,6.7,0.34,0.4,2.1,0.033,34.0,111.0,0.98924,2.97,0.48,12.2,6
3114,6.5,0.24,0.39,17.3,0.052000000000000005,22.0,126.0,0.9988799999999999,3.11,0.47,9.2,6
3119,5.9,0.28,0.39,1.4,0.031,47.0,147.0,0.98836,3.08,0.64,12.9,7
3124,5.5,0.18,0.22,5.5,0.037000000000000005,10.0,86.0,0.99156,3.46,0.44,12.2,6
3125,6.5,0.24,0.39,17.3,0.052000000000000005,22.0,126.0,0.9988799999999999,3.11,0.47,9.2,6
3128,7.6,0.3,0.38,2.1,0.043,10.0,98.0,0.9929600000000001,3.17,0.65,11.0,6
3130,6.1,0.21,0.38,1.5,0.039,37.0,122.0,0.98972,3.2,0.43,12.0,6
3133,6.3,0.17,0.32,4.2,0.04,37.0,117.0,0.99182,3.24,0.43,11.3,6
3137,5.6,0.19,0.27,0.9,0.04,52.0,103.0,0.99026,3.5,0.39,11.2,5
3138,6.2,0.25,0.39,1.3,0.051,42.0,135.0,0.9906,3.23,0.4,11.1,6
3146,6.2,0.23,0.36,17.2,0.039,37.0,130.0,0.99946,3.23,0.43,8.8,6
3153,7.6,0.25,1.23,4.6,0.035,51.0,294.0,0.99018,3.03,0.43,13.1,6
3157,6.1,0.17,0.42,15.1,0.033,28.0,124.0,0.99684,2.87,0.47,9.5,5
3160,6.9,0.19,0.32,7.9,0.042,30.0,130.0,0.99456,3.4,0.39,10.5,6
3163,6.8,0.39,0.34,7.4,0.02,38.0,133.0,0.9921200000000001,3.18,0.44,12.0,7
3173,6.7,0.33,0.36,6.6,0.042,34.0,116.0,0.9912299999999999,2.97,0.31,12.2,7
3190,6.6,0.19,0.33,1.8,0.035,42.0,148.0,0.9919600000000001,3.15,0.36,10.2,6
3195,5.7,0.16,0.32,1.2,0.036000000000000004,7.0,89.0,0.99111,3.26,0.48,11.0,6
3197,6.4,0.22,0.38,9.1,0.044000000000000004,35.0,127.0,0.99326,2.97,0.3,11.0,7
3201,5.2,0.31,0.36,5.1,0.031,46.0,145.0,0.9897,3.14,0.31,12.4,6
3202,7.9,0.34,0.44,6.5,0.027000000000000003,47.0,126.0,0.99124,2.96,0.37,12.5,6
3210,6.4,0.21,0.34,16.05,0.04,56.0,142.0,0.9967799999999999,3.11,0.38,10.6,5
3220,6.2,0.35,0.31,2.6,0.036000000000000004,37.0,92.0,0.9893799999999999,3.27,0.53,12.8,7
3225,5.7,0.15,0.28,3.7,0.045,57.0,151.0,0.9913,3.22,0.27,11.2,6
3227,5.7,0.2,0.3,2.5,0.046,38.0,125.0,0.9927600000000001,3.34,0.5,9.9,6
3232,6.8,0.21,0.37,7.0,0.038,27.0,107.0,0.99206,2.98,0.82,11.5,6
3237,6.9,0.22,0.39,6.0,0.035,44.0,141.0,0.9912299999999999,3.11,0.33,12.5,7
3243,7.0,0.29,0.35,1.4,0.036000000000000004,42.0,109.0,0.99119,3.31,0.62,11.6,7
3245,6.7,0.21,0.36,8.55,0.02,20.0,86.0,0.99146,3.19,0.22,13.4,7
3248,7.7,0.27,0.49,3.8,0.037000000000000005,46.0,139.0,0.99116,3.04,0.38,11.6,6
3256,7.4,0.19,0.31,14.5,0.045,39.0,193.0,0.9986,3.1,0.5,9.2,6
3260,7.4,0.19,0.31,14.5,0.045,39.0,193.0,0.9986,3.1,0.5,9.2,6
3263,7.6,0.19,0.32,18.75,0.047,32.0,193.0,1.00014,3.1,0.5,9.3,6
3266,4.2,0.215,0.23,5.1,0.040999999999999995,64.0,157.0,0.9968799999999999,3.42,0.44,8.0,6
3275,6.1,0.22,0.31,1.4,0.039,40.0,129.0,0.99193,3.45,0.59,10.9,7
3279,6.6,0.38,0.36,9.2,0.061,42.0,214.0,0.9976,3.31,0.56,9.4,5
3284,6.6,0.2,0.14,4.4,0.184,35.0,168.0,0.9939600000000001,2.93,0.45,9.4,6
3286,6.8,0.21,0.31,2.9,0.046,40.0,121.0,0.9913,3.07,0.65,10.9,7
3289,6.6,0.2,0.14,4.4,0.184,35.0,168.0,0.9939600000000001,2.93,0.45,9.4,6
3291,7.8,0.25,0.37,1.0,0.043,10.0,80.0,0.9912799999999999,3.08,0.38,11.4,6
3298,6.5,0.25,0.5,7.6,0.047,54.0,184.0,0.99572,3.17,0.45,9.2,5
3301,7.8,0.25,0.37,1.0,0.043,10.0,80.0,0.9912799999999999,3.08,0.38,11.4,6
3303,6.6,0.24,0.28,6.7,0.032,26.0,91.0,0.99172,3.13,0.32,12.3,6
3307,6.0,0.32,0.3,1.9,0.033,41.0,142.0,0.9891200000000001,3.29,0.42,12.8,7
3312,6.0,0.19,0.29,1.1,0.047,67.0,152.0,0.9916,3.54,0.59,11.1,7
3316,5.8,0.18,0.37,1.2,0.036000000000000004,19.0,74.0,0.9885299999999999,3.09,0.49,12.7,6
3317,5.8,0.18,0.37,1.1,0.036000000000000004,31.0,96.0,0.9894200000000001,3.16,0.48,12.0,6
3336,6.9,0.38,0.29,13.65,0.048,52.0,189.0,0.99784,3.0,0.6,9.5,6
3340,7.6,0.17,0.27,4.6,0.05,23.0,98.0,0.9942200000000001,3.08,0.47,9.5,6
3345,6.9,0.38,0.29,13.65,0.048,52.0,189.0,0.99784,3.0,0.6,9.5,6
3347,6.7,0.18,0.24,10.3,0.057,64.0,185.0,0.99519,3.12,0.5,10.6,6
3348,6.6,0.16,0.21,6.7,0.055,43.0,157.0,0.99384,3.15,0.52,10.8,6
3361,7.1,0.18,0.49,1.3,0.033,12.0,72.0,0.99072,3.05,0.53,11.3,6
3366,7.6,0.2,0.26,4.8,0.033,26.0,76.0,0.9907600000000001,2.98,0.49,12.3,6
3367,6.2,0.3,0.21,1.1,0.032,31.0,111.0,0.9889,2.97,0.42,12.2,6
3372,6.2,0.3,0.21,1.1,0.032,31.0,111.0,0.9889,2.97,0.42,12.2,6
3373,5.6,0.15,0.26,5.55,0.051,51.0,139.0,0.99336,3.47,0.5,11.0,6
3376,7.8,0.22,0.26,9.0,0.047,38.0,132.0,0.997,3.25,0.53,10.2,6
3377,6.6,0.18,0.28,1.7,0.040999999999999995,53.0,161.0,0.9920700000000001,3.13,0.45,10.2,6
3378,7.0,0.4,0.25,1.8,0.05,51.0,189.0,0.99174,3.0,0.55,11.4,6
3384,6.4,0.22,0.32,4.9,0.046,50.0,156.0,0.99316,3.38,0.55,11.2,6
3386,6.4,0.32,0.31,1.9,0.037000000000000005,34.0,126.0,0.99,3.06,0.45,11.8,7
3387,6.1,0.28,0.27,4.7,0.03,56.0,140.0,0.9904200000000001,3.16,0.42,12.5,7
3389,8.8,0.39,0.35,1.8,0.096,22.0,80.0,0.99016,2.95,0.54,12.6,6
3406,5.8,0.15,0.32,1.2,0.037000000000000005,14.0,119.0,0.9913700000000001,3.19,0.5,10.2,6
3411,8.9,0.3,0.35,4.6,0.032,32.0,148.0,0.9945799999999999,3.15,0.45,11.5,7
3413,6.8,0.24,0.29,9.5,0.042,56.0,157.0,0.9958600000000001,3.11,0.51,10.1,6
3418,6.7,0.64,0.3,1.2,0.03,18.0,76.0,0.9892,3.16,0.6,12.9,7
3420,6.1,0.3,0.3,2.1,0.031,50.0,163.0,0.9895,3.39,0.43,12.7,7
3422,6.3,0.29,0.28,4.7,0.059000000000000004,28.0,81.0,0.99036,3.24,0.56,12.7,6
3423,6.2,0.28,0.28,4.3,0.026000000000000002,22.0,105.0,0.9890000000000001,2.98,0.64,13.1,7
3431,7.1,0.17,0.4,14.55,0.047,47.0,156.0,0.99945,3.34,0.78,9.1,6
3435,8.2,0.34,0.29,5.2,0.076,19.0,92.0,0.9913799999999999,2.95,0.39,12.5,6
3436,6.5,0.24,0.28,1.1,0.034,26.0,83.0,0.9892799999999999,3.25,0.33,12.3,6
3439,6.7,0.3,0.44,18.5,0.057,65.0,224.0,0.99956,3.11,0.53,9.1,5
3445,6.7,0.3,0.44,18.75,0.057,65.0,224.0,0.99956,3.11,0.53,9.1,5
3446,6.6,0.15,0.32,6.0,0.033,59.0,128.0,0.99192,3.19,0.71,12.1,7
3449,6.7,0.47,0.29,4.75,0.034,29.0,134.0,0.99056,3.29,0.46,13.0,7
3462,6.7,0.24,0.3,3.85,0.042,105.0,179.0,0.9918899999999999,3.04,0.59,11.3,6
3473,6.7,0.16,0.36,2.0,0.045,24.0,131.0,0.99284,3.3,0.59,10.5,6
3482,5.8,0.22,0.3,1.1,0.047,36.0,131.0,0.992,3.26,0.45,10.4,6
3486,7.5,0.21,0.32,4.8,0.055999999999999994,39.0,113.0,0.99393,3.11,0.52,10.2,6
3492,8.0,0.2,0.44,1.0,0.057,24.0,111.0,0.9915799999999999,3.09,0.32,11.2,6
3493,6.0,0.28,0.27,15.5,0.036000000000000004,31.0,134.0,0.99408,3.19,0.44,13.0,7
3501,6.0,0.28,0.27,15.5,0.036000000000000004,31.0,134.0,0.99408,3.19,0.44,13.0,7
3507,7.5,0.33,0.28,4.9,0.042,21.0,155.0,0.99385,3.36,0.57,10.9,6
3510,6.4,0.26,0.25,10.7,0.046,66.0,179.0,0.9960600000000001,3.17,0.55,9.9,6
3522,5.9,0.23,0.24,3.8,0.038,61.0,152.0,0.99139,3.31,0.5,11.3,6
3524,6.0,0.23,0.15,9.7,0.048,101.0,207.0,0.99571,3.05,0.3,9.1,6
3525,5.3,0.36,0.27,6.3,0.027999999999999997,40.0,132.0,0.9918600000000001,3.37,0.4,11.6,6
3532,6.4,0.28,0.44,7.1,0.048,49.0,179.0,0.9952799999999999,3.15,0.48,9.2,5
3537,7.2,0.24,0.28,1.9,0.032,30.0,92.0,0.9914,3.1,0.39,10.9,6
3538,6.2,0.27,0.47,1.2,0.146,28.0,105.0,0.99224,3.23,0.51,10.1,6
3542,8.1,0.26,0.27,4.3,0.03,43.0,123.0,0.9921200000000001,3.16,0.33,11.2,6
3560,7.5,0.34,0.24,3.85,0.031,5.0,34.0,0.99098,3.01,0.36,11.8,6
3562,7.0,0.48,0.12,4.5,0.05,23.0,86.0,0.99398,2.86,0.35,9.0,5
3566,8.0,0.25,0.27,9.7,0.036000000000000004,15.0,85.0,0.99406,2.99,0.36,11.2,6
3569,7.8,0.15,0.34,1.1,0.035,31.0,93.0,0.9909600000000001,3.07,0.72,11.3,6
3571,6.9,0.26,0.27,4.2,0.031,20.0,80.0,0.9908899999999999,3.12,0.39,11.5,6
3578,7.3,0.23,0.27,2.6,0.035,39.0,120.0,0.9913799999999999,3.04,0.59,11.3,6
3588,6.8,0.19,0.71,17.5,0.042,21.0,114.0,0.99784,2.85,0.5,9.5,6
3594,5.6,0.28,0.28,4.2,0.044000000000000004,52.0,158.0,0.992,3.35,0.44,10.7,7
3606,6.7,0.35,0.48,8.8,0.055999999999999994,35.0,167.0,0.9962799999999999,3.04,0.47,9.4,5
3608,6.8,0.14,0.18,1.4,0.047,30.0,90.0,0.99164,3.27,0.54,11.2,6
3612,6.8,0.14,0.18,1.4,0.047,30.0,90.0,0.99164,3.27,0.54,11.2,6
3615,6.4,0.38,0.24,7.2,0.047,41.0,151.0,0.9960399999999999,3.11,0.6,9.2,5
3623,7.2,0.24,0.3,1.2,0.037000000000000005,11.0,95.0,0.9891399999999999,2.96,0.36,12.5,6
3624,6.8,0.45,0.28,26.05,0.031,27.0,122.0,1.00295,3.06,0.42,10.6,6
3629,6.4,0.38,0.2,5.3,0.11699999999999999,57.0,181.0,0.99459,3.24,0.43,9.5,5
3630,6.4,0.36,0.2,5.7,0.11800000000000001,61.0,172.0,0.9946,3.24,0.43,9.5,5
3634,6.6,0.3,0.25,8.0,0.036000000000000004,21.0,124.0,0.9936200000000001,3.06,0.38,10.8,6
3648,6.4,0.29,0.24,3.2,0.037000000000000005,31.0,95.0,0.9894200000000001,2.9,0.66,12.6,6
3649,7.3,0.31,0.25,6.65,0.032,30.0,138.0,0.99244,2.9,0.37,11.1,6
3653,6.6,0.085,0.33,1.4,0.036000000000000004,17.0,109.0,0.99306,3.27,0.61,9.5,6
3659,5.8,0.275,0.3,5.4,0.043,41.0,149.0,0.9926,3.33,0.42,10.8,6
3667,6.8,0.21,0.26,11.7,0.038,61.0,152.0,0.99523,3.02,0.56,10.5,6
3670,5.9,0.37,0.32,1.6,0.028999999999999998,41.0,102.0,0.98916,3.41,0.55,12.7,7
3676,5.6,0.25,0.19,2.4,0.049,42.0,166.0,0.992,3.25,0.43,10.4,6
3681,6.8,0.15,0.41,12.9,0.044000000000000004,79.5,183.0,0.9974200000000001,3.24,0.78,10.2,5
3690,7.0,0.22,0.26,9.2,0.027000000000000003,37.0,122.0,0.9922799999999999,3.06,0.34,12.5,6
3697,6.4,0.16,0.44,1.2,0.051,39.0,122.0,0.9905799999999999,3.11,0.75,11.3,7
3699,6.3,0.22,0.34,1.2,0.036000000000000004,32.0,96.0,0.98961,3.06,0.74,11.6,6
3711,4.7,0.67,0.09,1.0,0.02,5.0,9.0,0.9872200000000001,3.3,0.34,13.6,6
3713,6.3,0.2,0.18,10.6,0.045,57.0,159.0,0.99666,3.09,0.54,9.2,6
3719,6.6,0.26,0.22,18.15,0.05,23.0,139.0,0.9990399999999999,3.06,0.5,9.2,5
3723,7.7,0.31,0.23,2.0,0.069,29.0,134.0,0.99382,3.11,0.62,9.8,5
3724,5.7,0.265,0.28,6.9,0.036000000000000004,46.0,150.0,0.9929899999999999,3.36,0.44,10.8,7
3735,6.0,0.21,0.29,13.1,0.042,28.0,125.0,0.99936,3.39,0.45,8.6,6
3740,7.0,0.15,0.28,14.7,0.051,29.0,149.0,0.99792,2.96,0.39,9.0,7
3743,7.0,0.15,0.28,14.7,0.051,29.0,149.0,0.99792,2.96,0.39,9.0,7
3744,7.0,0.15,0.28,14.7,0.051,29.0,149.0,0.99792,2.96,0.39,9.0,7
3750,6.3,0.28,0.29,6.8,0.051,40.0,143.0,0.99374,3.43,0.59,11.0,6
3761,7.8,0.2,0.32,5.0,0.016,31.0,101.0,0.9918600000000001,2.99,0.39,11.0,6
3767,6.9,0.4,0.17,12.9,0.033,59.0,186.0,0.99754,3.08,0.49,9.4,5
3770,6.9,0.4,0.17,12.9,0.033,59.0,186.0,0.99754,3.08,0.49,9.4,5
3773,6.3,0.24,0.29,13.7,0.035,53.0,134.0,0.99567,3.17,0.38,10.6,6
3775,6.7,0.42,0.39,12.1,0.04,61.0,248.0,0.9979399999999999,3.31,0.58,9.7,5
3776,6.5,0.33,0.28,6.1,0.018000000000000002,41.0,103.0,0.9912200000000001,3.24,0.32,12.2,6
3779,6.3,0.15,0.3,1.4,0.022000000000000002,38.0,100.0,0.9909899999999999,3.42,0.57,11.4,6
3780,6.5,0.32,0.45,7.7,0.022000000000000002,31.0,97.0,0.99134,3.2,0.7,12.7,7
3791,6.4,0.27,0.45,8.3,0.05,52.0,196.0,0.9955,3.18,0.48,9.5,5
3800,7.0,0.3,0.28,2.2,0.042,21.0,177.0,0.99166,3.2,0.57,11.4,5
3803,7.9,0.21,0.39,2.0,0.057,21.0,138.0,0.9917600000000001,3.05,0.52,10.9,5
3804,7.2,0.17,0.34,6.4,0.042,16.0,111.0,0.9927799999999999,2.99,0.4,10.8,6
3811,6.8,0.26,0.34,15.1,0.06,42.0,162.0,0.99705,3.24,0.52,10.5,6
3816,6.3,0.43,0.32,8.8,0.042,18.0,106.0,0.99172,3.28,0.33,12.9,7
3821,6.3,0.3,0.2,3.7,0.039,34.0,132.0,0.9915799999999999,3.0,0.38,10.7,6
3822,6.9,0.28,0.28,12.2,0.042,52.0,139.0,0.9952200000000001,3.03,0.56,10.4,6
3825,7.3,0.24,0.3,2.5,0.042,31.0,104.0,0.9911,3.05,0.56,11.3,6
3834,7.0,0.15,0.29,16.4,0.057999999999999996,45.0,110.0,0.9978,3.15,0.37,9.7,6
3841,6.7,0.37,0.25,2.5,0.027999999999999997,24.0,84.0,0.9909,3.14,0.36,11.7,6
3846,6.4,0.32,0.23,16.2,0.055,36.0,176.0,0.9986,3.26,0.54,9.1,5
3855,5.9,0.12,0.27,4.8,0.03,40.0,110.0,0.99226,3.55,0.68,12.1,7
3862,6.2,0.22,0.3,12.4,0.054000000000000006,108.0,152.0,0.9972799999999999,3.1,0.47,9.5,6
3864,6.5,0.27,0.19,6.6,0.045,98.0,175.0,0.99364,3.16,0.34,10.1,5
3873,7.3,0.36,0.54,13.3,0.054000000000000006,63.0,193.0,0.99864,3.06,0.49,8.6,5
3883,7.1,0.2,0.37,1.5,0.049,28.0,129.0,0.99226,3.15,0.52,10.8,5
3890,6.2,0.27,0.26,12.1,0.046,43.0,127.0,0.9951,3.16,0.37,10.8,6
3891,6.4,0.38,0.26,8.2,0.043,28.0,98.0,0.99234,2.99,0.31,11.4,6
3896,7.0,0.25,0.33,2.1,0.021,17.0,76.0,0.99021,3.26,0.45,12.3,6
3913,6.5,0.33,0.3,3.8,0.036000000000000004,34.0,88.0,0.9902799999999999,3.25,0.63,12.5,7
3914,7.2,0.25,0.32,1.5,0.054000000000000006,24.0,105.0,0.99154,3.17,0.48,11.1,6
3915,6.2,0.39,0.24,4.8,0.037000000000000005,45.0,138.0,0.99174,3.23,0.43,11.2,7
3918,6.2,0.28,0.51,7.9,0.055999999999999994,49.0,206.0,0.9956,3.18,0.52,9.4,5
3927,6.9,0.14,0.29,9.9,0.055999999999999994,30.0,91.0,0.9951200000000001,3.19,0.33,9.9,6
3928,6.5,0.22,0.31,3.9,0.046,17.0,106.0,0.99098,3.15,0.31,11.5,6
3929,6.6,0.32,0.47,15.6,0.063,27.0,173.0,0.99872,3.18,0.56,9.0,5
3931,6.1,0.28,0.26,1.5,0.03,25.0,101.0,0.9889399999999999,3.03,0.41,12.1,6
3940,6.2,0.27,0.32,6.3,0.048,47.0,159.0,0.99282,3.21,0.6,11.0,6
3944,6.4,0.2,0.15,6.6,0.046,26.0,113.0,0.99408,2.99,0.58,9.9,6
3948,6.1,0.3,0.32,2.2,0.042,41.0,142.0,0.9895200000000001,3.31,0.44,12.7,6
3953,7.0,0.16,0.3,2.6,0.043,34.0,90.0,0.9904700000000001,2.88,0.47,11.2,6
3956,7.0,0.16,0.3,2.6,0.043,34.0,90.0,0.9904700000000001,2.88,0.47,11.2,6
3969,6.5,0.29,0.52,7.9,0.049,35.0,192.0,0.99551,3.16,0.51,9.5,6
3971,6.7,0.18,0.31,10.6,0.035,42.0,143.0,0.99572,3.08,0.49,9.8,6
3981,6.1,0.22,0.25,12.1,0.035,54.0,135.0,0.9948100000000001,3.21,0.4,10.7,6
3983,6.1,0.24,0.26,1.7,0.033,61.0,134.0,0.9903,3.19,0.81,11.9,6
3988,7.3,0.23,0.41,14.6,0.048,73.0,223.0,0.9986299999999999,3.16,0.71,9.4,6
3990,6.8,0.11,0.27,8.6,0.044000000000000004,45.0,104.0,0.99454,3.2,0.37,9.9,6
4006,6.8,0.14,0.35,1.5,0.047,40.0,117.0,0.99111,3.07,0.72,11.1,6
4008,6.4,0.25,0.57,1.0,0.062,21.0,122.0,0.9923799999999999,3.0,0.4,9.5,5
4012,6.0,0.26,0.29,3.1,0.040999999999999995,37.0,144.0,0.98944,3.22,0.39,12.8,7
4014,6.5,0.46,0.24,11.5,0.051,56.0,171.0,0.9958799999999999,3.08,0.56,9.8,5
4033,6.8,0.27,0.22,17.8,0.034,16.0,116.0,0.9989,3.07,0.53,9.2,5
4043,7.4,0.16,0.27,15.5,0.05,25.0,135.0,0.9984,2.9,0.43,8.7,7
4046,7.4,0.16,0.27,15.5,0.05,25.0,135.0,0.9984,2.9,0.43,8.7,7
4049,6.9,0.19,0.35,13.5,0.038,49.0,118.0,0.99546,3.0,0.63,10.7,6
4053,6.2,0.24,0.22,7.9,0.053,45.0,149.0,0.99545,3.23,0.52,9.3,5
4054,7.4,0.16,0.27,15.5,0.05,25.0,135.0,0.9984,2.9,0.43,8.7,7
4079,5.8,0.23,0.21,1.5,0.044000000000000004,21.0,110.0,0.9913799999999999,3.3,0.57,11.0,6
4083,5.9,0.23,0.28,8.6,0.046,37.0,142.0,0.9943200000000001,3.23,0.53,10.6,6
4092,6.4,0.14,0.28,7.9,0.057,21.0,82.0,0.99425,3.26,0.36,10.0,6
4095,6.4,0.25,0.28,4.9,0.03,29.0,98.0,0.99024,3.09,0.58,12.8,7
4099,6.6,0.21,0.34,5.6,0.046,30.0,140.0,0.9929899999999999,3.22,0.38,11.0,6
4103,6.9,0.37,0.23,9.5,0.057,54.0,166.0,0.9956799999999999,3.23,0.42,10.0,5
4105,6.9,0.45,0.27,4.7,0.035,17.0,80.0,0.9905799999999999,3.12,0.36,12.5,6
4109,6.7,0.28,0.42,3.5,0.035,43.0,105.0,0.99021,3.18,0.38,12.2,6
4111,7.6,0.4,0.27,1.2,0.053,23.0,193.0,0.99164,3.22,0.38,11.6,6
4113,6.0,0.2,0.25,2.0,0.040999999999999995,30.0,95.0,0.9907799999999999,3.27,0.56,11.1,6
4140,6.8,0.18,0.35,5.4,0.054000000000000006,53.0,143.0,0.99287,3.1,0.54,11.0,7
4144,6.1,0.25,0.28,10.0,0.055,56.0,131.0,0.9940000000000001,3.22,0.35,10.9,6
4146,6.8,0.26,0.29,11.9,0.052000000000000005,54.0,160.0,0.99546,3.03,0.58,10.4,6
4149,6.2,0.2,0.25,15.0,0.055,8.0,120.0,0.9976700000000001,3.19,0.53,9.6,6
4151,7.6,0.48,0.31,9.4,0.046,6.0,194.0,0.9971399999999999,3.07,0.61,9.4,5
4167,5.8,0.23,0.31,3.5,0.044000000000000004,35.0,158.0,0.98998,3.19,0.37,12.1,6
4172,6.6,0.22,0.37,1.6,0.04,31.0,101.0,0.9900899999999999,3.15,0.66,12.0,7
4173,6.8,0.34,0.27,5.2,0.06,14.0,169.0,0.9925200000000001,3.27,0.57,11.6,6
4179,5.8,0.19,0.33,4.2,0.038,49.0,133.0,0.9910700000000001,3.16,0.42,11.3,6
4183,7.5,0.38,0.56,9.7,0.055,15.0,170.0,0.99605,3.13,0.65,9.9,5
4186,6.9,0.24,0.4,15.4,0.052000000000000005,81.0,198.0,0.9986,3.2,0.69,9.4,5
4189,5.3,0.33,0.3,1.2,0.048,25.0,119.0,0.99045,3.32,0.62,11.3,6
4198,6.3,0.3,0.48,7.4,0.053,34.0,149.0,0.99472,3.18,0.53,9.8,6
4199,7.9,0.36,0.53,12.9,0.049,63.0,139.0,0.99792,2.94,0.45,9.1,6
4203,6.7,0.24,0.31,2.3,0.044000000000000004,37.0,113.0,0.99013,3.29,0.46,12.9,6
4208,6.1,0.25,0.3,1.2,0.036000000000000004,42.0,107.0,0.991,3.34,0.56,10.8,7
4212,7.1,0.38,0.42,11.8,0.040999999999999995,32.0,193.0,0.99624,3.04,0.49,10.0,6
4215,7.0,0.44,0.24,12.1,0.055999999999999994,68.0,210.0,0.99718,3.05,0.5,9.5,5
4217,7.0,0.44,0.24,12.1,0.055999999999999994,68.0,210.0,0.99718,3.05,0.5,9.5,5
4222,6.3,0.28,0.34,8.1,0.038,44.0,129.0,0.9924799999999999,3.26,0.29,12.1,6
4225,5.4,0.22,0.35,6.5,0.028999999999999998,26.0,87.0,0.99092,3.29,0.44,12.5,6
4226,6.2,0.345,0.27,10.1,0.055999999999999994,38.0,187.0,0.9948600000000001,3.31,0.56,10.6,6
4232,7.5,0.35,0.37,2.5,0.066,29.0,89.0,0.98964,3.14,0.42,12.7,6
4245,7.6,0.36,0.48,13.5,0.038,44.0,116.0,0.9982,3.04,0.48,9.2,5
4250,5.5,0.23,0.19,2.2,0.044000000000000004,39.0,161.0,0.9920899999999999,3.19,0.43,10.4,6
4256,6.0,0.33,0.26,5.1,0.051,16.0,119.0,0.99416,3.15,0.41,9.2,5
4261,6.2,0.36,0.22,5.25,0.038,44.0,145.0,0.9918399999999999,3.22,0.4,11.2,6
4262,6.0,0.31,0.27,2.3,0.042,19.0,120.0,0.9895200000000001,3.32,0.41,12.7,7
4268,6.0,0.29,0.27,2.3,0.044000000000000004,20.0,117.0,0.9895,3.31,0.41,12.7,7
4283,5.7,0.26,0.24,17.8,0.059000000000000004,23.0,124.0,0.9977299999999999,3.3,0.5,10.1,5
4284,6.0,0.2,0.26,6.8,0.049,22.0,93.0,0.9928,3.15,0.42,11.0,6
4286,6.0,0.2,0.26,6.8,0.049,22.0,93.0,0.9928,3.15,0.42,11.0,6
4291,5.7,0.26,0.24,17.8,0.059000000000000004,23.0,124.0,0.9977299999999999,3.3,0.5,10.1,5
4298,7.0,0.2,0.35,8.8,0.037000000000000005,31.0,103.0,0.9938799999999999,3.13,0.49,11.0,6
4303,7.1,0.39,0.39,11.1,0.034,25.0,204.0,0.99616,3.05,0.52,10.0,6
4305,6.1,0.24,0.25,1.6,0.044000000000000004,24.0,115.0,0.9921,3.39,0.59,10.9,6
4307,6.1,0.24,0.27,11.5,0.05,51.0,133.0,0.9947600000000001,3.22,0.37,10.8,6
4314,6.4,0.27,0.3,1.6,0.04,19.0,86.0,0.9908899999999999,3.32,0.65,11.5,7
4329,6.4,0.42,0.19,9.3,0.043,28.0,145.0,0.9943299999999999,3.23,0.53,10.98,6
4333,7.3,0.19,0.27,13.9,0.057,45.0,155.0,0.9980700000000001,2.94,0.41,8.8,7
4337,7.3,0.19,0.27,13.9,0.057,45.0,155.0,0.9980700000000001,2.94,0.41,8.8,7
4339,7.3,0.19,0.27,13.9,0.057,45.0,155.0,0.9980700000000001,2.94,0.41,8.8,7
4342,7.4,0.27,0.52,15.7,0.054000000000000006,36.0,139.0,0.9978799999999999,3.04,0.62,10.0333333333333,5
4346,7.1,0.2,0.35,3.2,0.034,21.0,107.0,0.99195,3.11,0.54,11.1,6
4350,7.2,0.34,0.28,10.4,0.10800000000000001,43.0,187.0,0.9973799999999999,2.96,0.57,9.4,6
4354,7.4,0.16,0.3,1.4,0.064,34.0,166.0,0.99136,3.11,0.42,11.433333333333302,6
4360,7.2,0.34,0.2,5.8,0.062,52.0,203.0,0.99461,3.17,0.44,9.8,5
4362,6.5,0.2,0.33,1.5,0.039,36.0,110.0,0.99008,3.22,0.65,12.0,6
4366,6.3,0.19,0.33,10.1,0.063,63.0,133.0,0.99561,2.86,0.41,9.1,6
4368,7.1,0.31,0.25,11.2,0.048,32.0,136.0,0.9966299999999999,3.14,0.4,9.5,5
4370,6.4,0.29,0.21,9.65,0.040999999999999995,36.0,119.0,0.99334,2.99,0.34,10.933333333333302,6
4374,6.1,0.26,0.28,1.7,0.043,24.0,98.0,0.98918,3.14,0.44,12.5,6
4381,5.7,0.31,0.29,7.3,0.05,33.0,143.0,0.9933200000000001,3.31,0.5,11.066666666666698,6
4382,6.4,0.3,0.27,5.0,0.057999999999999996,27.0,151.0,0.99198,3.22,0.49,12.2,7
4397,7.4,0.27,0.26,11.8,0.053,55.0,173.0,0.9969899999999999,3.11,0.6,9.8,5
4403,6.8,0.43,0.26,5.2,0.043,40.0,176.0,0.99116,3.17,0.41,12.3,6
4409,5.7,0.29,0.16,7.9,0.044000000000000004,48.0,197.0,0.9951200000000001,3.21,0.36,9.4,5
4412,5.8,0.3,0.38,4.9,0.039,22.0,86.0,0.9896299999999999,3.23,0.58,13.1,7
4414,5.8,0.3,0.38,4.9,0.039,22.0,86.0,0.9896299999999999,3.23,0.58,13.1,7
4428,6.3,0.32,0.26,12.3,0.044000000000000004,24.0,205.0,0.99611,3.11,0.58,9.9,6
4430,6.1,0.31,0.34,2.8,0.042,59.5,162.0,0.99179,3.27,0.47,10.8,6
4432,6.6,0.38,0.28,2.8,0.043,17.0,67.0,0.98924,3.21,0.47,13.2,7
4449,7.3,0.3,0.25,2.5,0.045,32.0,122.0,0.99329,3.18,0.54,10.3,6
4451,6.9,0.29,0.25,12.2,0.04,29.0,136.0,0.9955200000000001,3.05,0.65,10.4,6
4452,6.3,0.3,0.19,7.7,0.049,47.0,184.0,0.9951399999999999,3.22,0.48,9.5,5
4466,6.6,0.26,0.56,15.4,0.053,32.0,141.0,0.9981,3.11,0.49,9.3,5
4469,6.2,0.21,0.24,1.2,0.051,31.0,95.0,0.99036,3.24,0.57,11.3,6
4472,6.2,0.2,0.28,1.1,0.039,24.0,78.0,0.9899,3.36,0.47,12.1,6
4475,5.7,0.25,0.22,9.8,0.049,50.0,125.0,0.99571,3.2,0.45,10.1,6
4487,6.4,0.15,0.25,7.8,0.05,13.0,68.0,0.9939399999999999,3.16,0.4,9.9,6
4501,7.8,0.27,0.33,2.4,0.053,36.0,175.0,0.992,3.2,0.55,11.0,6
4502,6.6,0.54,0.21,16.3,0.055,41.0,182.0,0.9986,3.35,0.54,10.4,5
4511,6.8,0.33,0.3,2.1,0.047,35.0,147.0,0.9886,3.24,0.56,13.4,7
4519,9.0,0.2,0.33,3.5,0.049,10.0,40.0,0.9944,3.14,0.36,9.8,6
4520,5.8,0.13,0.22,12.7,0.057999999999999996,24.0,183.0,0.9956,3.32,0.42,11.7,6
4525,6.6,0.16,0.25,9.8,0.049,59.5,137.0,0.995,3.16,0.38,10.0,6
4538,8.3,0.18,0.37,1.2,0.049,6.0,94.0,0.9937,3.18,0.52,10.1,6
4539,7.1,0.09,0.3,6.2,0.032,24.0,134.0,0.993,2.99,0.39,10.9,6
4540,8.3,0.14,0.36,8.8,0.026000000000000002,13.0,60.0,0.9956,3.13,0.35,11.05,6
4543,6.9,0.28,0.37,9.1,0.037000000000000005,16.0,76.0,0.9948,3.05,0.54,11.1,5
4545,5.8,0.28,0.3,3.9,0.026000000000000002,36.0,105.0,0.9896299999999999,3.26,0.58,12.75,6
4546,6.3,0.25,0.53,1.8,0.021,41.0,101.0,0.9893149999999999,3.19,0.31,13.0,7
4548,5.9,0.29,0.32,1.4,0.022000000000000002,17.0,47.0,0.9899,3.35,0.35,11.5,6
4549,6.4,0.46,0.22,14.7,0.047,51.0,183.0,0.998275,3.39,0.6,10.5,6
4557,6.1,0.2,0.4,1.9,0.027999999999999997,32.0,138.0,0.9914,3.26,0.72,11.7,7
4558,6.1,0.37,0.46,12.0,0.042,61.0,210.0,0.997,3.17,0.59,9.7,5
4571,5.8,0.29,0.15,1.1,0.028999999999999998,12.0,83.0,0.9898,3.3,0.4,11.4,6
4573,5.6,0.22,0.32,1.2,0.024,29.0,97.0,0.9882299999999999,3.2,0.46,13.05,7
4574,6.8,0.32,0.23,3.3,0.026000000000000002,31.0,99.0,0.9896,3.1,0.4,12.4,7
4582,6.0,0.27,0.26,1.3,0.038,32.0,138.0,0.99125,3.46,0.43,11.1,7
4600,6.5,0.16,0.33,1.0,0.027000000000000003,23.0,75.0,0.9908,3.3,0.39,11.4,6
4601,8.3,0.22,0.34,1.1,0.043,20.0,116.0,0.9927,3.0,0.47,10.2,6
4607,6.9,0.29,0.32,5.8,0.04,16.0,112.0,0.993,3.04,0.58,11.2,6
4612,5.9,0.42,0.36,2.4,0.034,19.0,77.0,0.9918399999999999,3.25,0.48,10.9,6
4614,5.8,0.27,0.2,7.3,0.04,42.0,145.0,0.9944200000000001,3.15,0.48,9.8,5
4619,6.1,0.44,0.28,4.25,0.032,43.0,132.0,0.9916,3.26,0.47,11.3,7
4632,6.6,0.21,0.39,2.3,0.040999999999999995,31.0,102.0,0.99221,3.22,0.58,10.9,6
4644,6.5,0.21,0.35,5.7,0.043,47.0,197.0,0.99392,3.24,0.5,10.1,6
4647,5.9,0.18,0.28,1.0,0.037000000000000005,24.0,88.0,0.9909399999999999,3.29,0.55,10.65,6
4651,5.6,0.695,0.06,6.8,0.042,9.0,84.0,0.9943200000000001,3.44,0.44,10.2,5
4659,7.1,0.43,0.25,2.8,0.036000000000000004,43.0,132.0,0.98975,3.21,0.47,13.4,7
4672,4.9,0.335,0.14,1.3,0.036000000000000004,69.0,168.0,0.9921200000000001,3.47,0.46,10.4666666666667,5
4682,5.6,0.27,0.37,0.9,0.025,11.0,49.0,0.98845,3.29,0.33,13.1,7
4685,6.0,0.24,0.34,1.0,0.036000000000000004,52.0,184.0,0.99097,3.44,0.44,11.45,6
4700,6.8,0.3,0.33,12.8,0.040999999999999995,60.0,168.0,0.99659,3.1,0.56,9.8,5
4702,6.4,0.69,0.09,7.6,0.044000000000000004,34.0,144.0,0.9948,3.26,0.38,10.1,5
4704,5.9,0.12,0.28,1.4,0.037000000000000005,36.0,83.0,0.99074,3.33,0.42,10.9,7
4707,6.1,0.22,0.4,1.85,0.031,25.0,111.0,0.98966,3.03,0.3,11.8,7
4708,5.6,0.205,0.16,12.55,0.051,31.0,115.0,0.99564,3.4,0.38,10.8,6
4711,5.4,0.33,0.31,4.0,0.03,27.0,108.0,0.99031,3.3,0.43,12.2,7
4720,6.7,0.15,0.32,7.9,0.034,17.0,81.0,0.9951200000000001,3.29,0.31,10.0,6
4725,6.1,0.32,0.33,10.7,0.036000000000000004,27.0,98.0,0.99521,3.34,0.52,10.2,6
4726,6.9,0.31,0.33,12.7,0.038,33.0,116.0,0.9954,3.04,0.65,10.4,6
4728,6.0,0.25,0.28,7.7,0.053,37.0,132.0,0.9948899999999999,3.06,0.5,9.4,6
4729,7.2,0.21,0.31,10.5,0.035,36.0,122.0,0.9947799999999999,3.12,0.4,10.6,6
4736,6.0,0.17,0.36,1.7,0.042,14.0,61.0,0.99144,3.22,0.54,10.8,6
4738,6.1,0.24,0.32,9.0,0.031,41.0,134.0,0.99234,3.25,0.26,12.3,6
4742,6.1,0.27,0.31,3.9,0.034,42.0,137.0,0.99218,3.24,0.46,10.9,6
4752,7.3,0.36,0.62,7.1,0.033,48.0,185.0,0.99472,3.14,0.62,10.6,6
4755,6.4,0.19,0.35,10.2,0.043,40.0,106.0,0.9963200000000001,3.16,0.5,9.7,6
4758,6.0,0.38,0.26,3.5,0.035,38.0,111.0,0.98872,3.18,0.47,13.6,7
4768,6.6,0.19,0.25,1.2,0.052000000000000005,34.0,181.0,0.9935200000000001,3.3,0.42,9.4,6
4790,5.5,0.62,0.33,1.7,0.037000000000000005,24.0,118.0,0.9875799999999999,3.15,0.39,13.55,7
4795,6.0,0.32,0.3,7.3,0.174,46.0,159.0,0.99519,3.18,0.49,9.4,6
4798,5.7,0.33,0.32,1.4,0.043,28.0,93.0,0.9897,3.31,0.5,12.3,7
4802,6.4,0.105,0.29,1.1,0.035,44.0,140.0,0.9914200000000001,3.17,0.55,10.7,7
4805,6.0,0.35,0.46,0.9,0.033,9.0,65.0,0.98934,3.24,0.35,12.1,6
4809,7.3,0.35,0.67,8.3,0.053,10.0,100.0,0.9959,3.19,0.5,10.9,6
4811,5.4,0.375,0.4,3.3,0.054000000000000006,29.0,147.0,0.99482,3.42,0.52,9.1,5
4825,6.4,0.23,0.35,10.3,0.042,54.0,140.0,0.9967,3.23,0.47,9.2,5
4838,6.5,0.28,0.38,7.8,0.031,54.0,216.0,0.99154,3.03,0.42,13.1,6
4842,5.7,0.22,0.25,1.1,0.05,97.0,175.0,0.9909899999999999,3.44,0.62,11.1,6
4848,4.4,0.54,0.09,5.1,0.038,52.0,97.0,0.9902200000000001,3.41,0.4,12.2,6
4853,6.2,0.23,0.38,1.6,0.044000000000000004,12.0,113.0,0.9917600000000001,3.3,0.73,11.4,6
4861,6.0,0.52,0.33,7.7,0.046,24.0,119.0,0.99224,3.04,0.38,11.0,6
4865,6.0,0.41,0.23,1.1,0.066,22.0,148.0,0.99266,3.3,0.47,9.63333333333333,5
4867,5.7,0.41,0.21,1.9,0.048,30.0,112.0,0.9913799999999999,3.29,0.55,11.2,6
4871,6.1,0.32,0.28,6.6,0.021,29.0,132.0,0.9918799999999999,3.15,0.36,11.45,6
4872,5.0,0.2,0.4,1.9,0.015,20.0,98.0,0.9897,3.37,0.55,12.05,6
4876,7.4,0.22,0.26,1.2,0.035,18.0,97.0,0.99245,3.12,0.41,9.7,6
4877,6.2,0.38,0.42,2.5,0.038,34.0,117.0,0.9913200000000001,3.36,0.59,11.6,7
4881,6.6,0.34,0.4,8.1,0.046,68.0,170.0,0.9949399999999999,3.15,0.5,9.53333333333333,6
4883,5.5,0.32,0.13,1.3,0.037000000000000005,45.0,156.0,0.9918399999999999,3.26,0.38,10.7,6
4886,6.6,0.34,0.4,8.1,0.046,68.0,170.0,0.9949399999999999,3.15,0.5,9.55,6
4888,6.2,0.41,0.22,1.9,0.023,5.0,56.0,0.9892799999999999,3.04,0.79,13.0,6
4893,6.5,0.23,0.38,1.3,0.032,29.0,112.0,0.99298,3.29,0.54,9.7,6
4894,6.2,0.21,0.29,1.6,0.039,24.0,92.0,0.9911399999999999,3.27,0.5,11.2,6
